AID,AAUTHOR
AID1,Caleb
AID2,Alex
AID3,Caleb
AID4,Caleb
AID5,Jane
AID6,Alex
AID7,Caleb
AID8,Alex
AID9,Caleb
AID10,Alex
AID11,Caleb
AID12,Caleb
AID13,Jane
AID14,Alex
AID15,Caleb
AID16,Alex
AID17,Caleb
AID18,Alex
AID19,Caleb
AID20,Caleb
AID21,Jane
AID22,Alex
AID23,Caleb
AID24,Alex
AID25,Caleb
AID26,Alex
AID27,Caleb
AID28,Caleb
AID29,Jane
AID30,Alex
AID31,Caleb
AID32,Alex
AID33,Caleb
AID34,Alex
AID35,Caleb
AID36,Caleb
AID37,Jane
AID38,Alex
AID39,Caleb
AID40,Alex
AID41,Caleb
AID42,Alex
AID43,Caleb
AID44,Caleb
AID45,Jane
AID46,Alex
AID47,Caleb
AID48,Alex
AID49,Caleb
AID50,Alex
AID51,Caleb
AID52,Caleb
AID53,Jane
AID54,Alex
AID55,Caleb
AID56,Alex
AID57,Caleb
AID58,Alex
AID59,Caleb
AID60,Caleb
AID61,Jane
AID62,Alex
AID63,Caleb
AID64,Alex
AID65,Caleb
AID66,Alex
AID67,Caleb
AID68,Caleb
AID69,Jane
AID70,Alex
AID71,Caleb
AID72,Alex
AID73,Caleb
AID74,Alex
AID75,Caleb
AID76,Caleb
AID77,Jane
AID78,Alex
AID79,Caleb
AID80,Alex
AID81,Caleb
AID82,Alex
AID83,Caleb
AID84,Caleb
AID85,Jane
AID86,Alex
AID87,Caleb
AID88,Alex
AID89,Caleb
AID90,Alex
AID91,Caleb
AID92,Caleb
AID93,Jane
AID94,Alex
AID95,Caleb
AID96,Alex
AID97,Caleb
AID98,Alex
AID99,Caleb
AID100,Caleb
AID101,Jane
AID102,Alex
AID103,Caleb
AID104,Alex
AID105,Caleb
AID106,Alex
AID107,Caleb
AID108,Caleb
AID109,Jane
AID110,Alex
AID111,Caleb
AID112,Alex
AID113,Caleb
AID114,Alex
AID115,Caleb
AID116,Caleb
AID117,Jane
AID118,Alex
AID119,Caleb
AID120,Alex
AID121,Caleb
AID122,Alex
AID123,Caleb
AID124,Caleb
AID125,Jane
AID126,Alex
AID127,Caleb
AID128,Alex
AID129,Caleb
AID130,Alex
AID131,Caleb
AID132,Caleb
AID133,Jane
AID134,Alex
AID135,Caleb
AID136,Alex
AID137,Caleb
AID138,Alex
AID139,Caleb
AID140,Caleb
AID141,Jane
AID142,Alex
AID143,Caleb
AID144,Alex
AID145,Caleb
AID146,Alex
AID147,Caleb
AID148,Caleb
AID149,Jane
AID150,Alex
AID151,Caleb
AID152,Alex
AID153,Caleb
AID154,Alex
AID155,Caleb
AID156,Caleb
AID157,Jane
AID158,Alex
AID159,Caleb
AID160,Alex
AID161,Caleb
AID162,Alex
AID163,Caleb
AID164,Caleb
AID165,Jane
AID166,Alex
AID167,Caleb
AID168,Alex
AID169,Caleb
AID170,Alex
AID171,Caleb
AID172,Caleb
AID173,Jane
AID174,Alex
AID175,Caleb
AID176,Alex
AID177,Caleb
AID178,Alex
AID179,Caleb
AID180,Caleb
AID181,Jane
AID182,Alex
AID183,Caleb
AID184,Alex
AID185,Caleb
AID186,Alex
AID187,Caleb
AID188,Caleb
AID189,Jane
AID190,Alex
AID191,Caleb
AID192,Alex
AID193,Caleb
AID194,Alex
AID195,Caleb
AID196,Caleb
AID197,Jane
AID198,Alex
AID199,Caleb
AID200,Alex
AID201,Caleb
AID202,Alex
AID203,Caleb
AID204,Caleb
AID205,Jane
AID206,Alex
AID207,Caleb
AID208,Alex
AID209,Caleb
AID210,Alex
AID211,Caleb
AID212,Caleb
AID213,Jane
AID214,Alex
AID215,Caleb
AID216,Alex
AID217,Caleb
AID218,Alex
AID219,Caleb
AID220,Caleb
AID221,Jane
AID222,Alex
AID223,Caleb
AID224,Alex
AID225,Caleb
AID226,Alex
AID227,Caleb
AID228,Caleb
AID229,Jane
AID230,Alex
AID231,Caleb
AID232,Alex
AID233,Caleb
AID234,Alex
AID235,Caleb
AID236,Caleb
AID237,Jane
AID238,Alex
AID239,Caleb
AID240,Alex
AID241,Caleb
AID242,Alex
AID243,Caleb
AID244,Caleb
AID245,Jane
AID246,Alex
AID247,Caleb
AID248,Alex
AID249,Caleb
AID250,Alex
AID251,Caleb
AID252,Caleb
AID253,Jane
AID254,Alex
AID255,Caleb
AID256,Alex
AID257,Caleb
AID258,Alex
AID259,Caleb
AID260,Caleb
AID261,Jane
AID262,Alex
AID263,Caleb
AID264,Alex
AID265,Caleb
AID266,Alex
AID267,Caleb
AID268,Caleb
AID269,Jane
AID270,Alex
AID271,Caleb
AID272,Alex
AID273,Caleb
AID274,Alex
AID275,Caleb
AID276,Caleb
AID277,Jane
AID278,Alex
AID279,Caleb
AID280,Alex
AID281,Caleb
AID282,Alex
AID283,Caleb
AID284,Caleb
AID285,Jane
AID286,Alex
AID287,Caleb
AID288,Alex
AID289,Caleb
AID290,Alex
AID291,Caleb
AID292,Caleb
AID293,Jane
AID294,Alex
AID295,Caleb
AID296,Alex
AID297,Caleb
AID298,Alex
AID299,Caleb
AID300,Caleb
AID301,Jane
AID302,Alex
AID303,Caleb
AID304,Alex
AID305,Caleb
AID306,Alex
AID307,Caleb
AID308,Caleb
AID309,Jane
AID310,Alex
AID311,Caleb
AID312,Alex
AID313,Caleb
AID314,Alex
AID315,Caleb
AID316,Caleb
AID317,Jane
AID318,Alex
AID319,Caleb
AID320,Alex
AID321,Caleb
AID322,Alex
AID323,Caleb
AID324,Caleb
AID325,Jane
AID326,Alex
AID327,Caleb
AID328,Alex
AID329,Caleb
AID330,Alex
AID331,Caleb
AID332,Caleb
AID333,Jane
AID334,Alex
AID335,Caleb
AID336,Alex
AID337,Caleb
AID338,Alex
AID339,Caleb
AID340,Caleb
AID341,Jane
AID342,Alex
AID343,Caleb
AID344,Alex
AID345,Caleb
AID346,Alex
AID347,Caleb
AID348,Caleb
AID349,Jane
AID350,Alex
AID351,Caleb
AID352,Alex
AID353,Caleb
AID354,Alex
AID355,Caleb
AID356,Caleb
AID357,Jane
AID358,Alex
AID359,Caleb
AID360,Alex
AID361,Caleb
AID362,Alex
AID363,Caleb
AID364,Caleb
AID365,Jane
AID366,Alex
AID367,Caleb
AID368,Alex
AID369,Caleb
AID370,Alex
AID371,Caleb
AID372,Caleb
AID373,Jane
AID374,Alex
AID375,Caleb
AID376,Alex
AID377,Caleb
AID378,Alex
AID379,Caleb
AID380,Caleb
AID381,Jane
AID382,Alex
AID383,Caleb
AID384,Alex
AID385,Caleb
AID386,Alex
AID387,Caleb
AID388,Caleb
AID389,Jane
AID390,Alex
AID391,Caleb
AID392,Alex
AID393,Caleb
AID394,Alex
AID395,Caleb
AID396,Caleb
AID397,Jane
AID398,Alex
AID399,Caleb
AID400,Alex
AID401,Caleb
AID402,Alex
AID403,Caleb
AID404,Caleb
AID405,Jane
AID406,Alex
AID407,Caleb
AID408,Alex
AID409,Caleb
AID410,Alex
AID411,Caleb
AID412,Caleb
AID413,Jane
AID414,Alex
AID415,Caleb
AID416,Alex
AID417,Caleb
AID418,Alex
AID419,Caleb
AID420,Caleb
AID421,Jane
AID422,Alex
AID423,Caleb
AID424,Alex
AID425,Caleb
AID426,Alex
AID427,Caleb
AID428,Caleb
AID429,Jane
AID430,Alex
AID431,Caleb
AID432,Alex
AID433,Caleb
AID434,Alex
AID435,Caleb
AID436,Caleb
AID437,Jane
AID438,Alex
AID439,Caleb
AID440,Alex
AID441,Caleb
AID442,Alex
AID443,Caleb
AID444,Caleb
AID445,Jane
AID446,Alex
AID447,Caleb
AID448,Alex
AID449,Caleb
AID450,Alex
AID451,Caleb
AID452,Caleb
AID453,Jane
AID454,Alex
AID455,Caleb
AID456,Alex
AID457,Caleb
AID458,Alex
AID459,Caleb
AID460,Caleb
AID461,Jane
AID462,Alex
AID463,Caleb
AID464,Alex
AID465,Caleb
AID466,Alex
AID467,Caleb
AID468,Caleb
AID469,Jane
AID470,Alex
AID471,Caleb
AID472,Alex
AID473,Caleb
AID474,Alex
AID475,Caleb
AID476,Caleb
AID477,Jane
AID478,Alex
AID479,Caleb
AID480,Alex
AID481,Caleb
AID482,Alex
AID483,Caleb
AID484,Caleb
AID485,Jane
AID486,Alex
AID487,Caleb
AID488,Alex
AID489,Caleb
AID490,Alex
AID491,Caleb
AID492,Caleb
AID493,Jane
AID494,Alex
AID495,Caleb
AID496,Alex
AID497,Caleb
AID498,Alex
AID499,Caleb
AID500,Caleb
AID501,Jane
AID502,Alex
AID503,Caleb
AID504,Alex
AID505,Caleb
AID506,Alex
AID507,Caleb
AID508,Caleb
AID509,Jane
AID510,Alex
AID511,Caleb
AID512,Alex
AID513,Caleb
AID514,Alex
AID515,Caleb
AID516,Caleb
AID517,Jane
AID518,Alex
AID519,Caleb
AID520,Alex
AID521,Caleb
AID522,Alex
AID523,Caleb
AID524,Caleb
AID525,Jane
AID526,Alex
AID527,Caleb
AID528,Alex
AID529,Caleb
AID530,Alex
AID531,Caleb
AID532,Caleb
AID533,Jane
AID534,Alex
AID535,Caleb
AID536,Alex
AID537,Caleb
AID538,Alex
AID539,Caleb
AID540,Caleb
AID541,Jane
AID542,Alex
AID543,Caleb
AID544,Alex
AID545,Caleb
AID546,Alex
AID547,Caleb
AID548,Caleb
AID549,Jane
AID550,Alex
AID551,Caleb
AID552,Alex
AID553,Caleb
AID554,Alex
AID555,Caleb
AID556,Caleb
AID557,Jane
AID558,Alex
AID559,Caleb
AID560,Alex
AID561,Caleb
AID562,Alex
AID563,Caleb
AID564,Caleb
AID565,Jane
AID566,Alex
AID567,Caleb
AID568,Alex
AID569,Caleb
AID570,Alex
AID571,Caleb
AID572,Caleb
AID573,Jane
AID574,Alex
AID575,Caleb
AID576,Alex
AID577,Caleb
AID578,Alex
AID579,Caleb
AID580,Caleb
AID581,Jane
AID582,Alex
AID583,Caleb
AID584,Alex
AID585,Caleb
AID586,Alex
AID587,Caleb
AID588,Caleb
AID589,Jane
AID590,Alex
AID591,Caleb
AID592,Alex
AID593,Caleb
AID594,Alex
AID595,Caleb
AID596,Caleb
AID597,Jane
AID598,Alex
AID599,Caleb
AID600,Alex
AID601,Caleb
AID602,Alex
AID603,Caleb
AID604,Caleb
AID605,Jane
AID606,Alex
AID607,Caleb
AID608,Alex
AID609,Caleb
AID610,Alex
AID611,Caleb
AID612,Caleb
AID613,Jane
AID614,Alex
AID615,Caleb
AID616,Alex
AID617,Caleb
AID618,Alex
AID619,Caleb
AID620,Caleb
AID621,Jane
AID622,Alex
AID623,Caleb
AID624,Alex
AID625,Caleb
AID626,Alex
AID627,Caleb
AID628,Caleb
AID629,Jane
AID630,Alex
AID631,Caleb
AID632,Alex
AID633,Caleb
AID634,Alex
AID635,Caleb
AID636,Caleb
AID637,Jane
AID638,Alex
AID639,Caleb
AID640,Alex
AID641,Caleb
AID642,Alex
AID643,Caleb
AID644,Caleb
AID645,Jane
AID646,Alex
AID647,Caleb
AID648,Alex
AID649,Caleb
AID650,Alex
AID651,Caleb
AID652,Caleb
AID653,Jane
AID654,Alex
AID655,Caleb
AID656,Alex
AID657,Caleb
AID658,Alex
AID659,Caleb
AID660,Caleb
AID661,Jane
AID662,Alex
AID663,Caleb
AID664,Alex
AID665,Caleb
AID666,Alex
AID667,Caleb
AID668,Caleb
AID669,Jane
AID670,Alex
AID671,Caleb
AID672,Alex
AID673,Caleb
AID674,Alex
AID675,Caleb
AID676,Caleb
AID677,Jane
AID678,Alex
AID679,Caleb
AID680,Alex
AID681,Caleb
AID682,Alex
AID683,Caleb
AID684,Caleb
AID685,Jane
AID686,Alex
AID687,Caleb
AID688,Alex
AID689,Caleb
AID690,Alex
AID691,Caleb
AID692,Caleb
AID693,Jane
AID694,Alex
AID695,Caleb
AID696,Alex
AID697,Caleb
AID698,Alex
AID699,Caleb
AID700,Caleb
AID701,Jane
AID702,Alex
AID703,Caleb
AID704,Alex
AID705,Caleb
AID706,Alex
AID707,Caleb
AID708,Caleb
AID709,Jane
AID710,Alex
AID711,Caleb
AID712,Alex
AID713,Caleb
AID714,Alex
AID715,Caleb
AID716,Caleb
AID717,Jane
AID718,Alex
AID719,Caleb
AID720,Alex
AID721,Caleb
AID722,Alex
AID723,Caleb
AID724,Caleb
AID725,Jane
AID726,Alex
AID727,Caleb
AID728,Alex
AID729,Caleb
AID730,Alex
AID731,Caleb
AID732,Caleb
AID733,Jane
AID734,Alex
AID735,Caleb
AID736,Alex
AID737,Caleb
AID738,Alex
AID739,Caleb
AID740,Caleb
AID741,Jane
AID742,Alex
AID743,Caleb
AID744,Alex
AID745,Caleb
AID746,Alex
AID747,Caleb
AID748,Caleb
AID749,Jane
AID750,Alex
AID751,Caleb
AID752,Alex
AID753,Caleb
AID754,Alex
AID755,Caleb
AID756,Caleb
AID757,Jane
AID758,Alex
AID759,Caleb
AID760,Alex
AID761,Caleb
AID762,Alex
AID763,Caleb
AID764,Caleb
AID765,Jane
AID766,Alex
AID767,Caleb
AID768,Alex
AID769,Caleb
AID770,Alex
AID771,Caleb
AID772,Caleb
AID773,Jane
AID774,Alex
AID775,Caleb
AID776,Alex
AID777,Caleb
AID778,Alex
AID779,Caleb
AID780,Caleb
AID781,Jane
AID782,Alex
AID783,Caleb
AID784,Alex
AID785,Caleb
AID786,Alex
AID787,Caleb
AID788,Caleb
AID789,Jane
AID790,Alex
AID791,Caleb
AID792,Alex
AID793,Caleb
AID794,Alex
AID795,Caleb
AID796,Caleb
AID797,Jane
AID798,Alex
AID799,Caleb
AID800,Alex
AID801,Caleb
AID802,Alex
AID803,Caleb
AID804,Caleb
AID805,Jane
AID806,Alex
AID807,Caleb
AID808,Alex
AID809,Caleb
AID810,Alex
AID811,Caleb
AID812,Caleb
AID813,Jane
AID814,Alex
AID815,Caleb
AID816,Alex
AID817,Caleb
AID818,Alex
AID819,Caleb
AID820,Caleb
AID821,Jane
AID822,Alex
AID823,Caleb
AID824,Alex
AID825,Caleb
AID826,Alex
AID827,Caleb
AID828,Caleb
AID829,Jane
AID830,Alex
AID831,Caleb
AID832,Alex
AID833,Caleb
AID834,Alex
AID835,Caleb
AID836,Caleb
AID837,Jane
AID838,Alex
AID839,Caleb
AID840,Alex
AID841,Caleb
AID842,Alex
AID843,Caleb
AID844,Caleb
AID845,Jane
AID846,Alex
AID847,Caleb
AID848,Alex
AID849,Caleb
AID850,Alex
AID851,Caleb
AID852,Caleb
AID853,Jane
AID854,Alex
AID855,Caleb
AID856,Alex
AID857,Caleb
AID858,Alex
AID859,Caleb
AID860,Caleb
AID861,Jane
AID862,Alex
AID863,Caleb
AID864,Alex
AID865,Caleb
AID866,Alex
AID867,Caleb
AID868,Caleb
AID869,Jane
AID870,Alex
AID871,Caleb
AID872,Alex
AID873,Caleb
AID874,Alex
AID875,Caleb
AID876,Caleb
AID877,Jane
AID878,Alex
AID879,Caleb
AID880,Alex
AID881,Caleb
AID882,Alex
AID883,Caleb
AID884,Caleb
AID885,Jane
AID886,Alex
AID887,Caleb
AID888,Alex
AID889,Caleb
AID890,Alex
AID891,Caleb
AID892,Caleb
AID893,Jane
AID894,Alex
AID895,Caleb
AID896,Alex
AID897,Caleb
AID898,Alex
AID899,Caleb
AID900,Caleb
AID901,Jane
AID902,Alex
AID903,Caleb
AID904,Alex
AID905,Caleb
AID906,Alex
AID907,Caleb
AID908,Caleb
AID909,Jane
AID910,Alex
AID911,Caleb
AID912,Alex
AID913,Caleb
AID914,Alex
AID915,Caleb
AID916,Caleb
AID917,Jane
AID918,Alex
AID919,Caleb
AID920,Alex
AID921,Caleb
AID922,Alex
AID923,Caleb
AID924,Caleb
AID925,Jane
AID926,Alex
AID927,Caleb
AID928,Alex
AID929,Caleb
AID930,Alex
AID931,Caleb
AID932,Caleb
AID933,Jane
AID934,Alex
AID935,Caleb
AID936,Alex
AID937,Caleb
AID938,Alex
AID939,Caleb
AID940,Caleb
AID941,Jane
AID942,Alex
AID943,Caleb
AID944,Alex
AID945,Caleb
AID946,Alex
AID947,Caleb
AID948,Caleb
AID949,Jane
AID950,Alex
AID951,Caleb
AID952,Alex
AID953,Caleb
AID954,Alex
AID955,Caleb
AID956,Caleb
AID957,Jane
AID958,Alex
AID959,Caleb
AID960,Alex
AID961,Caleb
AID962,Alex
AID963,Caleb
AID964,Caleb
AID965,Jane
AID966,Alex
AID967,Caleb
AID968,Alex
AID969,Caleb
AID970,Alex
AID971,Caleb
AID972,Caleb
AID973,Jane
AID974,Alex
AID975,Caleb
AID976,Alex
AID977,Caleb
AID978,Alex
AID979,Caleb
AID980,Caleb
AID981,Jane
AID982,Alex
AID983,Caleb
AID984,Alex
AID985,Caleb
AID986,Alex
AID987,Caleb
AID988,Caleb
AID989,Jane
AID990,Alex
AID991,Caleb
AID992,Alex
AID993,Caleb
AID994,Alex
AID995,Caleb
AID996,Caleb
AID997,Jane
AID998,Alex
AID999,Caleb
AID1000,Alex
AID1001,Caleb
AID1002,Alex
AID1003,Caleb
AID1004,Caleb
AID1005,Jane
AID1006,Alex
AID1007,Caleb
AID1008,Alex
AID1009,Caleb
AID1010,Alex
AID1011,Caleb
AID1012,Caleb
AID1013,Jane
AID1014,Alex
AID1015,Caleb
AID1016,Alex
AID1017,Caleb
AID1018,Alex
AID1019,Caleb
AID1020,Caleb
AID1021,Jane
AID1022,Alex
AID1023,Caleb
AID1024,Alex
AID1025,Caleb
AID1026,Alex
AID1027,Caleb
AID1028,Caleb
AID1029,Jane
AID1030,Alex
AID1031,Caleb
AID1032,Alex
AID1033,Caleb
AID1034,Alex
AID1035,Caleb
AID1036,Caleb
AID1037,Jane
AID1038,Alex
AID1039,Caleb
AID1040,Alex
AID1041,Caleb
AID1042,Alex
AID1043,Caleb
AID1044,Caleb
AID1045,Jane
AID1046,Alex
AID1047,Caleb
AID1048,Alex
AID1049,Caleb
AID1050,Alex
AID1051,Caleb
AID1052,Caleb
AID1053,Jane
AID1054,Alex
AID1055,Caleb
AID1056,Alex
AID1057,Caleb
AID1058,Alex
AID1059,Caleb
AID1060,Caleb
AID1061,Jane
AID1062,Alex
AID1063,Caleb
AID1064,Alex
AID1065,Caleb
AID1066,Alex
AID1067,Caleb
AID1068,Caleb
AID1069,Jane
AID1070,Alex
AID1071,Caleb
AID1072,Alex
AID1073,Caleb
AID1074,Alex
AID1075,Caleb
AID1076,Caleb
AID1077,Jane
AID1078,Alex
AID1079,Caleb
AID1080,Alex
AID1081,Caleb
AID1082,Alex
AID1083,Caleb
AID1084,Caleb
AID1085,Jane
AID1086,Alex
AID1087,Caleb
AID1088,Alex
AID1089,Caleb
AID1090,Alex
AID1091,Caleb
AID1092,Caleb
AID1093,Jane
AID1094,Alex
AID1095,Caleb
AID1096,Alex
AID1097,Caleb
AID1098,Alex
AID1099,Caleb
AID1100,Caleb
AID1101,Jane
AID1102,Alex
AID1103,Caleb
AID1104,Alex
AID1105,Caleb
AID1106,Alex
AID1107,Caleb
AID1108,Caleb
AID1109,Jane
AID1110,Alex
AID1111,Caleb
AID1112,Alex
AID1113,Caleb
AID1114,Alex
AID1115,Caleb
AID1116,Caleb
AID1117,Jane
AID1118,Alex
AID1119,Caleb
AID1120,Alex
AID1121,Caleb
AID1122,Alex
AID1123,Caleb
AID1124,Caleb
AID1125,Jane
AID1126,Alex
AID1127,Caleb
AID1128,Alex
AID1129,Caleb
AID1130,Alex
AID1131,Caleb
AID1132,Caleb
AID1133,Jane
AID1134,Alex
AID1135,Caleb
AID1136,Alex
AID1137,Caleb
AID1138,Alex
AID1139,Caleb
AID1140,Caleb
AID1141,Jane
AID1142,Alex
AID1143,Caleb
AID1144,Alex
AID1145,Caleb
AID1146,Alex
AID1147,Caleb
AID1148,Caleb
AID1149,Jane
AID1150,Alex
AID1151,Caleb
AID1152,Alex
AID1153,Caleb
AID1154,Alex
AID1155,Caleb
AID1156,Caleb
AID1157,Jane
AID1158,Alex
AID1159,Caleb
AID1160,Alex
AID1161,Caleb
AID1162,Alex
AID1163,Caleb
AID1164,Caleb
AID1165,Jane
AID1166,Alex
AID1167,Caleb
AID1168,Alex
AID1169,Caleb
AID1170,Alex
AID1171,Caleb
AID1172,Caleb
AID1173,Jane
AID1174,Alex
AID1175,Caleb
AID1176,Alex
AID1177,Caleb
AID1178,Alex
AID1179,Caleb
AID1180,Caleb
AID1181,Jane
AID1182,Alex
AID1183,Caleb
AID1184,Alex
AID1185,Caleb
AID1186,Alex
AID1187,Caleb
AID1188,Caleb
AID1189,Jane
AID1190,Alex
AID1191,Caleb
AID1192,Alex
AID1193,Caleb
AID1194,Alex
AID1195,Caleb
AID1196,Caleb
AID1197,Jane
AID1198,Alex
AID1199,Caleb
AID1200,Alex
AID1201,Caleb
AID1202,Alex
AID1203,Caleb
AID1204,Caleb
AID1205,Jane
AID1206,Alex
AID1207,Caleb
AID1208,Alex
AID1209,Caleb
AID1210,Alex
AID1211,Caleb
AID1212,Caleb
AID1213,Jane
AID1214,Alex
AID1215,Caleb
AID1216,Alex
AID1217,Caleb
AID1218,Alex
AID1219,Caleb
AID1220,Caleb
AID1221,Jane
AID1222,Alex
AID1223,Caleb
AID1224,Alex
AID1225,Caleb
AID1226,Alex
AID1227,Caleb
AID1228,Caleb
AID1229,Jane
AID1230,Alex
AID1231,Caleb
AID1232,Alex
AID1233,Caleb
AID1234,Alex
AID1235,Caleb
AID1236,Caleb
AID1237,Jane
AID1238,Alex
AID1239,Caleb
AID1240,Alex
AID1241,Caleb
AID1242,Alex
AID1243,Caleb
AID1244,Caleb
AID1245,Jane
AID1246,Alex
AID1247,Caleb
AID1248,Alex
AID1249,Caleb
AID1250,Alex
AID1251,Caleb
AID1252,Caleb
AID1253,Jane
AID1254,Alex
AID1255,Caleb
AID1256,Alex
AID1257,Caleb
AID1258,Alex
AID1259,Caleb
AID1260,Caleb
AID1261,Jane
AID1262,Alex
AID1263,Caleb
AID1264,Alex
AID1265,Caleb
AID1266,Alex
AID1267,Caleb
AID1268,Caleb
AID1269,Jane
AID1270,Alex
AID1271,Caleb
AID1272,Alex
AID1273,Caleb
AID1274,Alex
AID1275,Caleb
AID1276,Caleb
AID1277,Jane
AID1278,Alex
AID1279,Caleb
AID1280,Alex
AID1281,Caleb
AID1282,Alex
AID1283,Caleb
AID1284,Caleb
AID1285,Jane
AID1286,Alex
AID1287,Caleb
AID1288,Alex
AID1289,Caleb
AID1290,Alex
AID1291,Caleb
AID1292,Caleb
AID1293,Jane
AID1294,Alex
AID1295,Caleb
AID1296,Alex
AID1297,Caleb
AID1298,Alex
AID1299,Caleb
AID1300,Caleb
AID1301,Jane
AID1302,Alex
AID1303,Caleb
AID1304,Alex
AID1305,Caleb
AID1306,Alex
AID1307,Caleb
AID1308,Caleb
AID1309,Jane
AID1310,Alex
AID1311,Caleb
AID1312,Alex
AID1313,Caleb
AID1314,Alex
AID1315,Caleb
AID1316,Caleb
AID1317,Jane
AID1318,Alex
AID1319,Caleb
AID1320,Alex
AID1321,Caleb
AID1322,Alex
AID1323,Caleb
AID1324,Caleb
AID1325,Jane
AID1326,Alex
AID1327,Caleb
AID1328,Alex
AID1329,Caleb
AID1330,Alex
AID1331,Caleb
AID1332,Caleb
AID1333,Jane
AID1334,Alex
AID1335,Caleb
AID1336,Alex
AID1337,Caleb
AID1338,Alex
AID1339,Caleb
AID1340,Caleb
AID1341,Jane
AID1342,Alex
AID1343,Caleb
AID1344,Alex
AID1345,Caleb
AID1346,Alex
AID1347,Caleb
AID1348,Caleb
AID1349,Jane
AID1350,Alex
AID1351,Caleb
AID1352,Alex
AID1353,Caleb
AID1354,Alex
AID1355,Caleb
AID1356,Caleb
AID1357,Jane
AID1358,Alex
AID1359,Caleb
AID1360,Alex
AID1361,Caleb
AID1362,Alex
AID1363,Caleb
AID1364,Caleb
AID1365,Jane
AID1366,Alex
AID1367,Caleb
AID1368,Alex
AID1369,Caleb
AID1370,Alex
AID1371,Caleb
AID1372,Caleb
AID1373,Jane
AID1374,Alex
AID1375,Caleb
AID1376,Alex
AID1377,Caleb
AID1378,Alex
AID1379,Caleb
AID1380,Caleb
AID1381,Jane
AID1382,Alex
AID1383,Caleb
AID1384,Alex
AID1385,Caleb
AID1386,Alex
AID1387,Caleb
AID1388,Caleb
AID1389,Jane
AID1390,Alex
AID1391,Caleb
AID1392,Alex
AID1393,Caleb
AID1394,Alex
AID1395,Caleb
AID1396,Caleb
AID1397,Jane
AID1398,Alex
AID1399,Caleb
AID1400,Alex
AID1401,Caleb
AID1402,Alex
AID1403,Caleb
AID1404,Caleb
AID1405,Jane
AID1406,Alex
AID1407,Caleb
AID1408,Alex
AID1409,Caleb
AID1410,Alex
AID1411,Caleb
AID1412,Caleb
AID1413,Jane
AID1414,Alex
AID1415,Caleb
AID1416,Alex
AID1417,Caleb
AID1418,Alex
AID1419,Caleb
AID1420,Caleb
AID1421,Jane
AID1422,Alex
AID1423,Caleb
AID1424,Alex
AID1425,Caleb
AID1426,Alex
AID1427,Caleb
AID1428,Caleb
AID1429,Jane
AID1430,Alex
AID1431,Caleb
AID1432,Alex
AID1433,Caleb
AID1434,Alex
AID1435,Caleb
AID1436,Caleb
AID1437,Jane
AID1438,Alex
AID1439,Caleb
AID1440,Alex
AID1441,Caleb
AID1442,Alex
AID1443,Caleb
AID1444,Caleb
AID1445,Jane
AID1446,Alex
AID1447,Caleb
AID1448,Alex
AID1449,Caleb
AID1450,Alex
AID1451,Caleb
AID1452,Caleb
AID1453,Jane
AID1454,Alex
AID1455,Caleb
AID1456,Alex
AID1457,Caleb
AID1458,Alex
AID1459,Caleb
AID1460,Caleb
AID1461,Jane
AID1462,Alex
AID1463,Caleb
AID1464,Alex
AID1465,Caleb
AID1466,Alex
AID1467,Caleb
AID1468,Caleb
AID1469,Jane
AID1470,Alex
AID1471,Caleb
AID1472,Alex
AID1473,Caleb
AID1474,Alex
AID1475,Caleb
AID1476,Caleb
AID1477,Jane
AID1478,Alex
AID1479,Caleb
AID1480,Alex
AID1481,Caleb
AID1482,Alex
AID1483,Caleb
AID1484,Caleb
AID1485,Jane
AID1486,Alex
AID1487,Caleb
AID1488,Alex
AID1489,Caleb
AID1490,Alex
AID1491,Caleb
AID1492,Caleb
AID1493,Jane
AID1494,Alex
AID1495,Caleb
AID1496,Alex
AID1497,Caleb
AID1498,Alex
AID1499,Caleb
AID1500,Caleb
AID1501,Jane
AID1502,Alex
AID1503,Caleb
AID1504,Alex
AID1505,Caleb
AID1506,Alex
AID1507,Caleb
AID1508,Caleb
AID1509,Jane
AID1510,Alex
AID1511,Caleb
AID1512,Alex
AID1513,Caleb
AID1514,Alex
AID1515,Caleb
AID1516,Caleb
AID1517,Jane
AID1518,Alex
AID1519,Caleb
AID1520,Alex
AID1521,Caleb
AID1522,Alex
AID1523,Caleb
AID1524,Caleb
AID1525,Jane
AID1526,Alex
AID1527,Caleb
AID1528,Alex
AID1529,Caleb
AID1530,Alex
AID1531,Caleb
AID1532,Caleb
AID1533,Jane
AID1534,Alex
AID1535,Caleb
AID1536,Alex
AID1537,Caleb
AID1538,Alex
AID1539,Caleb
AID1540,Caleb
AID1541,Jane
AID1542,Alex
AID1543,Caleb
AID1544,Alex
AID1545,Caleb
AID1546,Alex
AID1547,Caleb
AID1548,Caleb
AID1549,Jane
AID1550,Alex
AID1551,Caleb
AID1552,Alex
AID1553,Caleb
AID1554,Alex
AID1555,Caleb
AID1556,Caleb
AID1557,Jane
AID1558,Alex
AID1559,Caleb
AID1560,Alex
AID1561,Caleb
AID1562,Alex
AID1563,Caleb
AID1564,Caleb
AID1565,Jane
AID1566,Alex
AID1567,Caleb
AID1568,Alex
AID1569,Caleb
AID1570,Alex
AID1571,Caleb
AID1572,Caleb
AID1573,Jane
AID1574,Alex
AID1575,Caleb
AID1576,Alex
AID1577,Caleb
AID1578,Alex
AID1579,Caleb
AID1580,Caleb
AID1581,Jane
AID1582,Alex
AID1583,Caleb
AID1584,Alex
AID1585,Caleb
AID1586,Alex
AID1587,Caleb
AID1588,Caleb
AID1589,Jane
AID1590,Alex
AID1591,Caleb
AID1592,Alex
AID1593,Caleb
AID1594,Alex
AID1595,Caleb
AID1596,Caleb
AID1597,Jane
AID1598,Alex
AID1599,Caleb
AID1600,Alex
AID1601,Caleb
AID1602,Alex
AID1603,Caleb
AID1604,Caleb
AID1605,Jane
AID1606,Alex
AID1607,Caleb
AID1608,Alex
AID1609,Caleb
AID1610,Alex
AID1611,Caleb
AID1612,Caleb
AID1613,Jane
AID1614,Alex
AID1615,Caleb
AID1616,Alex
AID1617,Caleb
AID1618,Alex
AID1619,Caleb
AID1620,Caleb
AID1621,Jane
AID1622,Alex
AID1623,Caleb
AID1624,Alex
AID1625,Caleb
AID1626,Alex
AID1627,Caleb
AID1628,Caleb
AID1629,Jane
AID1630,Alex
AID1631,Caleb
AID1632,Alex
AID1633,Caleb
AID1634,Alex
AID1635,Caleb
AID1636,Caleb
AID1637,Jane
AID1638,Alex
AID1639,Caleb
AID1640,Alex
AID1641,Caleb
AID1642,Alex
AID1643,Caleb
AID1644,Caleb
AID1645,Jane
AID1646,Alex
AID1647,Caleb
AID1648,Alex
AID1649,Caleb
AID1650,Alex
AID1651,Caleb
AID1652,Caleb
AID1653,Jane
AID1654,Alex
AID1655,Caleb
AID1656,Alex
AID1657,Caleb
AID1658,Alex
AID1659,Caleb
AID1660,Caleb
AID1661,Jane
AID1662,Alex
AID1663,Caleb
AID1664,Alex
AID1665,Caleb
AID1666,Alex
AID1667,Caleb
AID1668,Caleb
AID1669,Jane
AID1670,Alex
AID1671,Caleb
AID1672,Alex
AID1673,Caleb
AID1674,Alex
AID1675,Caleb
AID1676,Caleb
AID1677,Jane
AID1678,Alex
AID1679,Caleb
AID1680,Alex
AID1681,Caleb
AID1682,Alex
AID1683,Caleb
AID1684,Caleb
AID1685,Jane
AID1686,Alex
AID1687,Caleb
AID1688,Alex
AID1689,Caleb
AID1690,Alex
AID1691,Caleb
AID1692,Caleb
AID1693,Jane
AID1694,Alex
AID1695,Caleb
AID1696,Alex
AID1697,Caleb
AID1698,Alex
AID1699,Caleb
AID1700,Caleb
AID1701,Jane
AID1702,Alex
AID1703,Caleb
AID1704,Alex
AID1705,Caleb
AID1706,Alex
AID1707,Caleb
AID1708,Caleb
AID1709,Jane
AID1710,Alex
AID1711,Caleb
AID1712,Alex
AID1713,Caleb
AID1714,Alex
AID1715,Caleb
AID1716,Caleb
AID1717,Jane
AID1718,Alex
AID1719,Caleb
AID1720,Alex
AID1721,Caleb
AID1722,Alex
AID1723,Caleb
AID1724,Caleb
AID1725,Jane
AID1726,Alex
AID1727,Caleb
AID1728,Alex
AID1729,Caleb
AID1730,Alex
AID1731,Caleb
AID1732,Caleb
AID1733,Jane
AID1734,Alex
AID1735,Caleb
AID1736,Alex
AID1737,Caleb
AID1738,Alex
AID1739,Caleb
AID1740,Caleb
AID1741,Jane
AID1742,Alex
AID1743,Caleb
AID1744,Alex
AID1745,Caleb
AID1746,Alex
AID1747,Caleb
AID1748,Caleb
AID1749,Jane
AID1750,Alex
AID1751,Caleb
AID1752,Alex
AID1753,Caleb
AID1754,Alex
AID1755,Caleb
AID1756,Caleb
AID1757,Jane
AID1758,Alex
AID1759,Caleb
AID1760,Alex
AID1761,Caleb
AID1762,Alex
AID1763,Caleb
AID1764,Caleb
AID1765,Jane
AID1766,Alex
AID1767,Caleb
AID1768,Alex
AID1769,Caleb
AID1770,Alex
AID1771,Caleb
AID1772,Caleb
AID1773,Jane
AID1774,Alex
AID1775,Caleb
AID1776,Alex
AID1777,Caleb
AID1778,Alex
AID1779,Caleb
AID1780,Caleb
AID1781,Jane
AID1782,Alex
AID1783,Caleb
AID1784,Alex
AID1785,Caleb
AID1786,Alex
AID1787,Caleb
AID1788,Caleb
AID1789,Jane
AID1790,Alex
AID1791,Caleb
AID1792,Alex
AID1793,Caleb
AID1794,Alex
AID1795,Caleb
AID1796,Caleb
AID1797,Jane
AID1798,Alex
AID1799,Caleb
AID1800,Alex
AID1801,Caleb
AID1802,Alex
AID1803,Caleb
AID1804,Caleb
AID1805,Jane
AID1806,Alex
AID1807,Caleb
AID1808,Alex
AID1809,Caleb
AID1810,Alex
AID1811,Caleb
AID1812,Caleb
AID1813,Jane
AID1814,Alex
AID1815,Caleb
AID1816,Alex
AID1817,Caleb
AID1818,Alex
AID1819,Caleb
AID1820,Caleb
AID1821,Jane
AID1822,Alex
AID1823,Caleb
AID1824,Alex
AID1825,Caleb
AID1826,Alex
AID1827,Caleb
AID1828,Caleb
AID1829,Jane
AID1830,Alex
AID1831,Caleb
AID1832,Alex
AID1833,Caleb
AID1834,Alex
AID1835,Caleb
AID1836,Caleb
AID1837,Jane
AID1838,Alex
AID1839,Caleb
AID1840,Alex
AID1841,Caleb
AID1842,Alex
AID1843,Caleb
AID1844,Caleb
AID1845,Jane
AID1846,Alex
AID1847,Caleb
AID1848,Alex
AID1849,Caleb
AID1850,Alex
AID1851,Caleb
AID1852,Caleb
AID1853,Jane
AID1854,Alex
AID1855,Caleb
AID1856,Alex
AID1857,Caleb
AID1858,Alex
AID1859,Caleb
AID1860,Caleb
AID1861,Jane
AID1862,Alex
AID1863,Caleb
AID1864,Alex
AID1865,Caleb
AID1866,Alex
AID1867,Caleb
AID1868,Caleb
AID1869,Jane
AID1870,Alex
AID1871,Caleb
AID1872,Alex
AID1873,Caleb
AID1874,Alex
AID1875,Caleb
AID1876,Caleb
AID1877,Jane
AID1878,Alex
AID1879,Caleb
AID1880,Alex
AID1881,Caleb
AID1882,Alex
AID1883,Caleb
AID1884,Caleb
AID1885,Jane
AID1886,Alex
AID1887,Caleb
AID1888,Alex
AID1889,Caleb
AID1890,Alex
AID1891,Caleb
AID1892,Caleb
AID1893,Jane
AID1894,Alex
AID1895,Caleb
AID1896,Alex
AID1897,Caleb
AID1898,Alex
AID1899,Caleb
AID1900,Caleb
AID1901,Jane
AID1902,Alex
AID1903,Caleb
AID1904,Alex
AID1905,Caleb
AID1906,Alex
AID1907,Caleb
AID1908,Caleb
AID1909,Jane
AID1910,Alex
AID1911,Caleb
AID1912,Alex
AID1913,Caleb
AID1914,Alex
AID1915,Caleb
AID1916,Caleb
AID1917,Jane
AID1918,Alex
AID1919,Caleb
AID1920,Alex
AID1921,Caleb
AID1922,Alex
AID1923,Caleb
AID1924,Caleb
AID1925,Jane
AID1926,Alex
AID1927,Caleb
AID1928,Alex
AID1929,Caleb
AID1930,Alex
AID1931,Caleb
AID1932,Caleb
AID1933,Jane
AID1934,Alex
AID1935,Caleb
AID1936,Alex
AID1937,Caleb
AID1938,Alex
AID1939,Caleb
AID1940,Caleb
AID1941,Jane
AID1942,Alex
AID1943,Caleb
AID1944,Alex
AID1945,Caleb
AID1946,Alex
AID1947,Caleb
AID1948,Caleb
AID1949,Jane
AID1950,Alex
AID1951,Caleb
AID1952,Alex
AID1953,Caleb
AID1954,Alex
AID1955,Caleb
AID1956,Caleb
AID1957,Jane
AID1958,Alex
AID1959,Caleb
AID1960,Alex
AID1961,Caleb
AID1962,Alex
AID1963,Caleb
AID1964,Caleb
AID1965,Jane
AID1966,Alex
AID1967,Caleb
AID1968,Alex
AID1969,Caleb
AID1970,Alex
AID1971,Caleb
AID1972,Caleb
AID1973,Jane
AID1974,Alex
AID1975,Caleb
AID1976,Alex
AID1977,Caleb
AID1978,Alex
AID1979,Caleb
AID1980,Caleb
AID1981,Jane
AID1982,Alex
AID1983,Caleb
AID1984,Alex
AID1985,Caleb
AID1986,Alex
AID1987,Caleb
AID1988,Caleb
AID1989,Jane
AID1990,Alex
AID1991,Caleb
AID1992,Alex
AID1993,Caleb
AID1994,Alex
AID1995,Caleb
AID1996,Caleb
AID1997,Jane
AID1998,Alex
AID1999,Caleb
AID2000,Alex
AID2001,Caleb
AID2002,Alex
AID2003,Caleb
AID2004,Caleb
AID2005,Jane
AID2006,Alex
AID2007,Caleb
AID2008,Alex
AID2009,Caleb
AID2010,Alex
AID2011,Caleb
AID2012,Caleb
AID2013,Jane
AID2014,Alex
AID2015,Caleb
AID2016,Alex
AID2017,Caleb
AID2018,Alex
AID2019,Caleb
AID2020,Caleb
AID2021,Jane
AID2022,Alex
AID2023,Caleb
AID2024,Alex
AID2025,Caleb
AID2026,Alex
AID2027,Caleb
AID2028,Caleb
AID2029,Jane
AID2030,Alex
AID2031,Caleb
AID2032,Alex
AID2033,Caleb
AID2034,Alex
AID2035,Caleb
AID2036,Caleb
AID2037,Jane
AID2038,Alex
AID2039,Caleb
AID2040,Alex
AID2041,Caleb
AID2042,Alex
AID2043,Caleb
AID2044,Caleb
AID2045,Jane
AID2046,Alex
AID2047,Caleb
AID2048,Alex
AID2049,Caleb
AID2050,Alex
AID2051,Caleb
AID2052,Caleb
AID2053,Jane
AID2054,Alex
AID2055,Caleb
AID2056,Alex
AID2057,Caleb
AID2058,Alex
AID2059,Caleb
AID2060,Caleb
AID2061,Jane
AID2062,Alex
AID2063,Caleb
AID2064,Alex
AID2065,Caleb
AID2066,Alex
AID2067,Caleb
AID2068,Caleb
AID2069,Jane
AID2070,Alex
AID2071,Caleb
AID2072,Alex
AID2073,Caleb
AID2074,Alex
AID2075,Caleb
AID2076,Caleb
AID2077,Jane
AID2078,Alex
AID2079,Caleb
AID2080,Alex
AID2081,Caleb
AID2082,Alex
AID2083,Caleb
AID2084,Caleb
AID2085,Jane
AID2086,Alex
AID2087,Caleb
AID2088,Alex
AID2089,Caleb
AID2090,Alex
AID2091,Caleb
AID2092,Caleb
AID2093,Jane
AID2094,Alex
AID2095,Caleb
AID2096,Alex
AID2097,Caleb
AID2098,Alex
AID2099,Caleb
AID2100,Caleb
AID2101,Jane
AID2102,Alex
AID2103,Caleb
AID2104,Alex
AID2105,Caleb
AID2106,Alex
AID2107,Caleb
AID2108,Caleb
AID2109,Jane
AID2110,Alex
AID2111,Caleb
AID2112,Alex
AID2113,Caleb
AID2114,Alex
AID2115,Caleb
AID2116,Caleb
AID2117,Jane
AID2118,Alex
AID2119,Caleb
AID2120,Alex
AID2121,Caleb
AID2122,Alex
AID2123,Caleb
AID2124,Caleb
AID2125,Jane
AID2126,Alex
AID2127,Caleb
AID2128,Alex
AID2129,Caleb
AID2130,Alex
AID2131,Caleb
AID2132,Caleb
AID2133,Jane
AID2134,Alex
AID2135,Caleb
AID2136,Alex
AID2137,Caleb
AID2138,Alex
AID2139,Caleb
AID2140,Caleb
AID2141,Jane
AID2142,Alex
AID2143,Caleb
AID2144,Alex
AID2145,Caleb
AID2146,Alex
AID2147,Caleb
AID2148,Caleb
AID2149,Jane
AID2150,Alex
AID2151,Caleb
AID2152,Alex
AID2153,Caleb
AID2154,Alex
AID2155,Caleb
AID2156,Caleb
AID2157,Jane
AID2158,Alex
AID2159,Caleb
AID2160,Alex
AID2161,Caleb
AID2162,Alex
AID2163,Caleb
AID2164,Caleb
AID2165,Jane
AID2166,Alex
AID2167,Caleb
AID2168,Alex
AID2169,Caleb
AID2170,Alex
AID2171,Caleb
AID2172,Caleb
AID2173,Jane
AID2174,Alex
AID2175,Caleb
AID2176,Alex
AID2177,Caleb
AID2178,Alex
AID2179,Caleb
AID2180,Caleb
AID2181,Jane
AID2182,Alex
AID2183,Caleb
AID2184,Alex
AID2185,Caleb
AID2186,Alex
AID2187,Caleb
AID2188,Caleb
AID2189,Jane
AID2190,Alex
AID2191,Caleb
AID2192,Alex
AID2193,Caleb
AID2194,Alex
AID2195,Caleb
AID2196,Caleb
AID2197,Jane
AID2198,Alex
AID2199,Caleb
AID2200,Alex
AID2201,Caleb
AID2202,Alex
AID2203,Caleb
AID2204,Caleb
AID2205,Jane
AID2206,Alex
AID2207,Caleb
AID2208,Alex
AID2209,Caleb
AID2210,Alex
AID2211,Caleb
AID2212,Caleb
AID2213,Jane
AID2214,Alex
AID2215,Caleb
AID2216,Alex
AID2217,Caleb
AID2218,Alex
AID2219,Caleb
AID2220,Caleb
AID2221,Jane
AID2222,Alex
AID2223,Caleb
AID2224,Alex
AID2225,Caleb
AID2226,Alex
AID2227,Caleb
AID2228,Caleb
AID2229,Jane
AID2230,Alex
AID2231,Caleb
AID2232,Alex
AID2233,Caleb
AID2234,Alex
AID2235,Caleb
AID2236,Caleb
AID2237,Jane
AID2238,Alex
AID2239,Caleb
AID2240,Alex
AID2241,Caleb
AID2242,Alex
AID2243,Caleb
AID2244,Caleb
AID2245,Jane
AID2246,Alex
AID2247,Caleb
AID2248,Alex
AID2249,Caleb
AID2250,Alex
AID2251,Caleb
AID2252,Caleb
AID2253,Jane
AID2254,Alex
AID2255,Caleb
AID2256,Alex
AID2257,Caleb
AID2258,Alex
AID2259,Caleb
AID2260,Caleb
AID2261,Jane
AID2262,Alex
AID2263,Caleb
AID2264,Alex
AID2265,Caleb
AID2266,Alex
AID2267,Caleb
AID2268,Caleb
AID2269,Jane
AID2270,Alex
AID2271,Caleb
AID2272,Alex
AID2273,Caleb
AID2274,Alex
AID2275,Caleb
AID2276,Caleb
AID2277,Jane
AID2278,Alex
AID2279,Caleb
AID2280,Alex
AID2281,Caleb
AID2282,Alex
AID2283,Caleb
AID2284,Caleb
AID2285,Jane
AID2286,Alex
AID2287,Caleb
AID2288,Alex
AID2289,Caleb
AID2290,Alex
AID2291,Caleb
AID2292,Caleb
AID2293,Jane
AID2294,Alex
AID2295,Caleb
AID2296,Alex
AID2297,Caleb
AID2298,Alex
AID2299,Caleb
AID2300,Caleb
AID2301,Jane
AID2302,Alex
AID2303,Caleb
AID2304,Alex
AID2305,Caleb
AID2306,Alex
AID2307,Caleb
AID2308,Caleb
AID2309,Jane
AID2310,Alex
AID2311,Caleb
AID2312,Alex
AID2313,Caleb
AID2314,Alex
AID2315,Caleb
AID2316,Caleb
AID2317,Jane
AID2318,Alex
AID2319,Caleb
AID2320,Alex
AID2321,Caleb
AID2322,Alex
AID2323,Caleb
AID2324,Caleb
AID2325,Jane
AID2326,Alex
AID2327,Caleb
AID2328,Alex
AID2329,Caleb
AID2330,Alex
AID2331,Caleb
AID2332,Caleb
AID2333,Jane
AID2334,Alex
AID2335,Caleb
AID2336,Alex
AID2337,Caleb
AID2338,Alex
AID2339,Caleb
AID2340,Caleb
AID2341,Jane
AID2342,Alex
AID2343,Caleb
AID2344,Alex
AID2345,Caleb
AID2346,Alex
AID2347,Caleb
AID2348,Caleb
AID2349,Jane
AID2350,Alex
AID2351,Caleb
AID2352,Alex
AID2353,Caleb
AID2354,Alex
AID2355,Caleb
AID2356,Caleb
AID2357,Jane
AID2358,Alex
AID2359,Caleb
AID2360,Alex
AID2361,Caleb
AID2362,Alex
AID2363,Caleb
AID2364,Caleb
AID2365,Jane
AID2366,Alex
AID2367,Caleb
AID2368,Alex
AID2369,Caleb
AID2370,Alex
AID2371,Caleb
AID2372,Caleb
AID2373,Jane
AID2374,Alex
AID2375,Caleb
AID2376,Alex
AID2377,Caleb
AID2378,Alex
AID2379,Caleb
AID2380,Caleb
AID2381,Jane
AID2382,Alex
AID2383,Caleb
AID2384,Alex
AID2385,Caleb
AID2386,Alex
AID2387,Caleb
AID2388,Caleb
AID2389,Jane
AID2390,Alex
AID2391,Caleb
AID2392,Alex
AID2393,Caleb
AID2394,Alex
AID2395,Caleb
AID2396,Caleb
AID2397,Jane
AID2398,Alex
AID2399,Caleb
AID2400,Alex
AID2401,Caleb
AID2402,Alex
AID2403,Caleb
AID2404,Caleb
AID2405,Jane
AID2406,Alex
AID2407,Caleb
AID2408,Alex
AID2409,Caleb
AID2410,Alex
AID2411,Caleb
AID2412,Caleb
AID2413,Jane
AID2414,Alex
AID2415,Caleb
AID2416,Alex
AID2417,Caleb
AID2418,Alex
AID2419,Caleb
AID2420,Caleb
AID2421,Jane
AID2422,Alex
AID2423,Caleb
AID2424,Alex
AID2425,Caleb
AID2426,Alex
AID2427,Caleb
AID2428,Caleb
AID2429,Jane
AID2430,Alex
AID2431,Caleb
AID2432,Alex
AID2433,Caleb
AID2434,Alex
AID2435,Caleb
AID2436,Caleb
AID2437,Jane
AID2438,Alex
AID2439,Caleb
AID2440,Alex
AID2441,Caleb
AID2442,Alex
AID2443,Caleb
AID2444,Caleb
AID2445,Jane
AID2446,Alex
AID2447,Caleb
AID2448,Alex
AID2449,Caleb
AID2450,Alex
AID2451,Caleb
AID2452,Caleb
AID2453,Jane
AID2454,Alex
AID2455,Caleb
AID2456,Alex
AID2457,Caleb
AID2458,Alex
AID2459,Caleb
AID2460,Caleb
AID2461,Jane
AID2462,Alex
AID2463,Caleb
AID2464,Alex
AID2465,Caleb
AID2466,Alex
AID2467,Caleb
AID2468,Caleb
AID2469,Jane
AID2470,Alex
AID2471,Caleb
AID2472,Alex
AID2473,Caleb
AID2474,Alex
AID2475,Caleb
AID2476,Caleb
AID2477,Jane
AID2478,Alex
AID2479,Caleb
AID2480,Alex
AID2481,Caleb
AID2482,Alex
AID2483,Caleb
AID2484,Caleb
AID2485,Jane
AID2486,Alex
AID2487,Caleb
AID2488,Alex
AID2489,Caleb
AID2490,Alex
AID2491,Caleb
AID2492,Caleb
AID2493,Jane
AID2494,Alex
AID2495,Caleb
AID2496,Alex
AID2497,Caleb
AID2498,Alex
AID2499,Caleb
AID2500,Caleb
AID2501,Jane
AID2502,Alex
AID2503,Caleb
AID2504,Alex
AID2505,Caleb
AID2506,Alex
AID2507,Caleb
AID2508,Caleb
AID2509,Jane
AID2510,Alex
AID2511,Caleb
AID2512,Alex
AID2513,Caleb
AID2514,Alex
AID2515,Caleb
AID2516,Caleb
AID2517,Jane
AID2518,Alex
AID2519,Caleb
AID2520,Alex
AID2521,Caleb
AID2522,Alex
AID2523,Caleb
AID2524,Caleb
AID2525,Jane
AID2526,Alex
AID2527,Caleb
AID2528,Alex
AID2529,Caleb
AID2530,Alex
AID2531,Caleb
AID2532,Caleb
AID2533,Jane
AID2534,Alex
AID2535,Caleb
AID2536,Alex
AID2537,Caleb
AID2538,Alex
AID2539,Caleb
AID2540,Caleb
AID2541,Jane
AID2542,Alex
AID2543,Caleb
AID2544,Alex
AID2545,Caleb
AID2546,Alex
AID2547,Caleb
AID2548,Caleb
AID2549,Jane
AID2550,Alex
AID2551,Caleb
AID2552,Alex
AID2553,Caleb
AID2554,Alex
AID2555,Caleb
AID2556,Caleb
AID2557,Jane
AID2558,Alex
AID2559,Caleb
AID2560,Alex
AID2561,Caleb
AID2562,Alex
AID2563,Caleb
AID2564,Caleb
AID2565,Jane
AID2566,Alex
AID2567,Caleb
AID2568,Alex
AID2569,Caleb
AID2570,Alex
AID2571,Caleb
AID2572,Caleb
AID2573,Jane
AID2574,Alex
AID2575,Caleb
AID2576,Alex
AID2577,Caleb
AID2578,Alex
AID2579,Caleb
AID2580,Caleb
AID2581,Jane
AID2582,Alex
AID2583,Caleb
AID2584,Alex
AID2585,Caleb
AID2586,Alex
AID2587,Caleb
AID2588,Caleb
AID2589,Jane
AID2590,Alex
AID2591,Caleb
AID2592,Alex
AID2593,Caleb
AID2594,Alex
AID2595,Caleb
AID2596,Caleb
AID2597,Jane
AID2598,Alex
AID2599,Caleb
AID2600,Alex
AID2601,Caleb
AID2602,Alex
AID2603,Caleb
AID2604,Caleb
AID2605,Jane
AID2606,Alex
AID2607,Caleb
AID2608,Alex
AID2609,Caleb
AID2610,Alex
AID2611,Caleb
AID2612,Caleb
AID2613,Jane
AID2614,Alex
AID2615,Caleb
AID2616,Alex
AID2617,Caleb
AID2618,Alex
AID2619,Caleb
AID2620,Caleb
AID2621,Jane
AID2622,Alex
AID2623,Caleb
AID2624,Alex
AID2625,Caleb
AID2626,Alex
AID2627,Caleb
AID2628,Caleb
AID2629,Jane
AID2630,Alex
AID2631,Caleb
AID2632,Alex
AID2633,Caleb
AID2634,Alex
AID2635,Caleb
AID2636,Caleb
AID2637,Jane
AID2638,Alex
AID2639,Caleb
AID2640,Alex
AID2641,Caleb
AID2642,Alex
AID2643,Caleb
AID2644,Caleb
AID2645,Jane
AID2646,Alex
AID2647,Caleb
AID2648,Alex
AID2649,Caleb
AID2650,Alex
AID2651,Caleb
AID2652,Caleb
AID2653,Jane
AID2654,Alex
AID2655,Caleb
AID2656,Alex
AID2657,Caleb
AID2658,Alex
AID2659,Caleb
AID2660,Caleb
AID2661,Jane
AID2662,Alex
AID2663,Caleb
AID2664,Alex
AID2665,Caleb
AID2666,Alex
AID2667,Caleb
AID2668,Caleb
AID2669,Jane
AID2670,Alex
AID2671,Caleb
AID2672,Alex
AID2673,Caleb
AID2674,Alex
AID2675,Caleb
AID2676,Caleb
AID2677,Jane
AID2678,Alex
AID2679,Caleb
AID2680,Alex
AID2681,Caleb
AID2682,Alex
AID2683,Caleb
AID2684,Caleb
AID2685,Jane
AID2686,Alex
AID2687,Caleb
AID2688,Alex
AID2689,Caleb
AID2690,Alex
AID2691,Caleb
AID2692,Caleb
AID2693,Jane
AID2694,Alex
AID2695,Caleb
AID2696,Alex
AID2697,Caleb
AID2698,Alex
AID2699,Caleb
AID2700,Caleb
AID2701,Jane
AID2702,Alex
AID2703,Caleb
AID2704,Alex
AID2705,Caleb
AID2706,Alex
AID2707,Caleb
AID2708,Caleb
AID2709,Jane
AID2710,Alex
AID2711,Caleb
AID2712,Alex
AID2713,Caleb
AID2714,Alex
AID2715,Caleb
AID2716,Caleb
AID2717,Jane
AID2718,Alex
AID2719,Caleb
AID2720,Alex
AID2721,Caleb
AID2722,Alex
AID2723,Caleb
AID2724,Caleb
AID2725,Jane
AID2726,Alex
AID2727,Caleb
AID2728,Alex
AID2729,Caleb
AID2730,Alex
AID2731,Caleb
AID2732,Caleb
AID2733,Jane
AID2734,Alex
AID2735,Caleb
AID2736,Alex
AID2737,Caleb
AID2738,Alex
AID2739,Caleb
AID2740,Caleb
AID2741,Jane
AID2742,Alex
AID2743,Caleb
AID2744,Alex
AID2745,Caleb
AID2746,Alex
AID2747,Caleb
AID2748,Caleb
AID2749,Jane
AID2750,Alex
AID2751,Caleb
AID2752,Alex
AID2753,Caleb
AID2754,Alex
AID2755,Caleb
AID2756,Caleb
AID2757,Jane
AID2758,Alex
AID2759,Caleb
AID2760,Alex
AID2761,Caleb
AID2762,Alex
AID2763,Caleb
AID2764,Caleb
AID2765,Jane
AID2766,Alex
AID2767,Caleb
AID2768,Alex
AID2769,Caleb
AID2770,Alex
AID2771,Caleb
AID2772,Caleb
AID2773,Jane
AID2774,Alex
AID2775,Caleb
AID2776,Alex
AID2777,Caleb
AID2778,Alex
AID2779,Caleb
AID2780,Caleb
AID2781,Jane
AID2782,Alex
AID2783,Caleb
AID2784,Alex
AID2785,Caleb
AID2786,Alex
AID2787,Caleb
AID2788,Caleb
AID2789,Jane
AID2790,Alex
AID2791,Caleb
AID2792,Alex
AID2793,Caleb
AID2794,Alex
AID2795,Caleb
AID2796,Caleb
AID2797,Jane
AID2798,Alex
AID2799,Caleb
AID2800,Alex
AID2801,Caleb
AID2802,Alex
AID2803,Caleb
AID2804,Caleb
AID2805,Jane
AID2806,Alex
AID2807,Caleb
AID2808,Alex
AID2809,Caleb
AID2810,Alex
AID2811,Caleb
AID2812,Caleb
AID2813,Jane
AID2814,Alex
AID2815,Caleb
AID2816,Alex
AID2817,Caleb
AID2818,Alex
AID2819,Caleb
AID2820,Caleb
AID2821,Jane
AID2822,Alex
AID2823,Caleb
AID2824,Alex
AID2825,Caleb
AID2826,Alex
AID2827,Caleb
AID2828,Caleb
AID2829,Jane
AID2830,Alex
AID2831,Caleb
AID2832,Alex
AID2833,Caleb
AID2834,Alex
AID2835,Caleb
AID2836,Caleb
AID2837,Jane
AID2838,Alex
AID2839,Caleb
AID2840,Alex
AID2841,Caleb
AID2842,Alex
AID2843,Caleb
AID2844,Caleb
AID2845,Jane
AID2846,Alex
AID2847,Caleb
AID2848,Alex
AID2849,Caleb
AID2850,Alex
AID2851,Caleb
AID2852,Caleb
AID2853,Jane
AID2854,Alex
AID2855,Caleb
AID2856,Alex
AID2857,Caleb
AID2858,Alex
AID2859,Caleb
AID2860,Caleb
AID2861,Jane
AID2862,Alex
AID2863,Caleb
AID2864,Alex
AID2865,Caleb
AID2866,Alex
AID2867,Caleb
AID2868,Caleb
AID2869,Jane
AID2870,Alex
AID2871,Caleb
AID2872,Alex
AID2873,Caleb
AID2874,Alex
AID2875,Caleb
AID2876,Caleb
AID2877,Jane
AID2878,Alex
AID2879,Caleb
AID2880,Alex
AID2881,Caleb
AID2882,Alex
AID2883,Caleb
AID2884,Caleb
AID2885,Jane
AID2886,Alex
AID2887,Caleb
AID2888,Alex
AID2889,Caleb
AID2890,Alex
AID2891,Caleb
AID2892,Caleb
AID2893,Jane
AID2894,Alex
AID2895,Caleb
AID2896,Alex
AID2897,Caleb
AID2898,Alex
AID2899,Caleb
AID2900,Caleb
AID2901,Jane
AID2902,Alex
AID2903,Caleb
AID2904,Alex
AID2905,Caleb
AID2906,Alex
AID2907,Caleb
AID2908,Caleb
AID2909,Jane
AID2910,Alex
AID2911,Caleb
AID2912,Alex
AID2913,Caleb
AID2914,Alex
AID2915,Caleb
AID2916,Caleb
AID2917,Jane
AID2918,Alex
AID2919,Caleb
AID2920,Alex
AID2921,Caleb
AID2922,Alex
AID2923,Caleb
AID2924,Caleb
AID2925,Jane
AID2926,Alex
AID2927,Caleb
AID2928,Alex
AID2929,Caleb
AID2930,Alex
AID2931,Caleb
AID2932,Caleb
AID2933,Jane
AID2934,Alex
AID2935,Caleb
AID2936,Alex
AID2937,Caleb
AID2938,Alex
AID2939,Caleb
AID2940,Caleb
AID2941,Jane
AID2942,Alex
AID2943,Caleb
AID2944,Alex
AID2945,Caleb
AID2946,Alex
AID2947,Caleb
AID2948,Caleb
AID2949,Jane
AID2950,Alex
AID2951,Caleb
AID2952,Alex
AID2953,Caleb
AID2954,Alex
AID2955,Caleb
AID2956,Caleb
AID2957,Jane
AID2958,Alex
AID2959,Caleb
AID2960,Alex
AID2961,Caleb
AID2962,Alex
AID2963,Caleb
AID2964,Caleb
AID2965,Jane
AID2966,Alex
AID2967,Caleb
AID2968,Alex
AID2969,Caleb
AID2970,Alex
AID2971,Caleb
AID2972,Caleb
AID2973,Jane
AID2974,Alex
AID2975,Caleb
AID2976,Alex
AID2977,Caleb
AID2978,Alex
AID2979,Caleb
AID2980,Caleb
AID2981,Jane
AID2982,Alex
AID2983,Caleb
AID2984,Alex
AID2985,Caleb
AID2986,Alex
AID2987,Caleb
AID2988,Caleb
AID2989,Jane
AID2990,Alex
AID2991,Caleb
AID2992,Alex
AID2993,Caleb
AID2994,Alex
AID2995,Caleb
AID2996,Caleb
AID2997,Jane
AID2998,Alex
AID2999,Caleb
AID3000,Alex
