CID,BID
CID1,BID1434
CID1,BID1685
CID1,BID402
CID2,BID1022
CID2,BID489
CID2,BID596
CID3,BID1279
CID3,BID1469
CID3,BID1931
CID4,BID2026
CID4,BID2053
CID4,BID2095
CID5,BID1157
CID5,BID1750
CID5,BID1802
CID5,BID2655
CID5,BID423
CID5,BID854
CID5,BID976
CID6,BID1157
CID6,BID1220
CID6,BID1379
CID6,BID354
CID6,BID650
CID6,BID825
CID6,BID886
CID7,BID1725
CID7,BID2962
CID8,BID2132
CID8,BID2276
CID8,BID2981
CID9,BID1108
CID9,BID1113
CID9,BID149
CID9,BID1585
CID9,BID2272
CID9,BID571
CID10,BID1900
CID10,BID246
CID11,BID1500
CID11,BID2195
CID11,BID2512
CID11,BID524
CID11,BID599
CID11,BID771
CID12,BID155
CID12,BID2605
CID12,BID2638
CID12,BID2949
CID12,BID440
CID12,BID566
CID12,BID616
CID13,BID1196
CID13,BID1963
CID13,BID38
CID14,BID1621
CID14,BID2114
CID14,BID2726
CID14,BID2960
CID14,BID555
CID15,BID2856
CID16,BID1244
CID17,BID2548
CID17,BID828
CID17,BID990
CID18,BID1199
CID18,BID151
CID18,BID1654
CID18,BID1878
CID18,BID1885
CID18,BID2031
CID18,BID2635
CID19,BID205
CID19,BID2627
CID20,BID143
CID20,BID2006
CID20,BID2751
CID20,BID846
CID21,BID1598
CID21,BID2118
CID21,BID2200
CID21,BID2819
CID22,BID1121
CID22,BID281
CID22,BID2814
CID22,BID2959
CID22,BID649
CID22,BID658
CID23,BID2215
CID23,BID2258
CID24,BID1367
CID24,BID1763
CID24,BID1869
CID24,BID2106
CID24,BID2152
CID24,BID2395
CID24,BID2842
CID25,BID2738
CID25,BID756
CID26,BID1010
CID26,BID1047
CID26,BID2371
CID27,BID1522
CID27,BID1620
CID27,BID1637
CID27,BID2011
CID27,BID2487
CID27,BID563
CID27,BID723
CID28,BID1019
CID28,BID1306
CID28,BID1506
CID28,BID2103
CID28,BID2390
CID28,BID2520
CID28,BID2635
CID29,BID194
CID29,BID2635
CID30,BID1569
CID30,BID1944
CID30,BID2651
CID30,BID2703
CID30,BID32
CID30,BID656
CID31,BID1455
CID31,BID384
CID31,BID524
CID32,BID1425
CID32,BID1459
CID32,BID2677
CID32,BID2784
CID32,BID310
CID32,BID652
CID33,BID1851
CID33,BID2756
CID34,BID584
CID35,BID1319
CID35,BID1870
CID35,BID217
CID35,BID548
CID35,BID636
CID35,BID718
CID35,BID925
CID36,BID1910
CID36,BID587
CID37,BID2373
CID38,BID1367
CID38,BID1751
CID38,BID2322
CID38,BID2353
CID38,BID2950
CID38,BID589
CID39,BID1073
CID39,BID2485
CID40,BID1031
CID40,BID1751
CID40,BID2203
CID40,BID2528
CID40,BID2790
CID40,BID360
CID41,BID1264
CID41,BID2035
CID41,BID2594
CID41,BID724
CID42,BID2613
CID42,BID2808
CID42,BID2838
CID42,BID2978
CID42,BID691
CID43,BID1563
CID44,BID1164
CID44,BID2766
CID45,BID1180
CID45,BID1436
CID45,BID1616
CID45,BID196
CID45,BID2059
CID45,BID2246
CID45,BID327
CID46,BID1268
CID46,BID222
CID46,BID2474
CID46,BID2771
CID46,BID916
CID47,BID2795
CID47,BID2896
CID47,BID760
CID48,BID1110
CID48,BID1303
CID48,BID1320
CID48,BID164
CID48,BID1821
CID48,BID1894
CID48,BID740
CID49,BID121
CID49,BID1751
CID49,BID370
CID50,BID1074
CID50,BID129
CID50,BID2180
CID50,BID2465
CID50,BID2591
CID50,BID2654
CID51,BID152
CID52,BID1351
CID53,BID1095
CID53,BID588
CID53,BID607
CID53,BID776
CID54,BID726
CID55,BID1716
CID55,BID2632
CID55,BID2822
CID55,BID2999
CID55,BID470
CID55,BID950
CID56,BID1194
CID56,BID2944
CID57,BID1408
CID57,BID1559
CID57,BID2076
CID57,BID2132
CID57,BID2305
CID57,BID5
CID57,BID567
CID58,BID1827
CID58,BID1878
CID58,BID2077
CID58,BID2978
CID58,BID673
CID59,BID1809
CID59,BID2059
CID59,BID2269
CID59,BID244
CID59,BID2980
CID59,BID348
CID59,BID50
CID60,BID1815
CID60,BID39
CID60,BID489
CID60,BID977
CID61,BID1683
CID61,BID901
CID62,BID1162
CID62,BID1226
CID62,BID1447
CID62,BID1924
CID62,BID2482
CID62,BID2597
CID62,BID76
CID63,BID1185
CID64,BID1295
CID64,BID2947
CID64,BID329
CID64,BID495
CID65,BID1890
CID65,BID865
CID66,BID112
CID66,BID1440
CID66,BID1728
CID66,BID2272
CID66,BID2328
CID66,BID2954
CID67,BID21
CID67,BID2281
CID67,BID705
CID67,BID935
CID68,BID1015
CID68,BID1229
CID68,BID1698
CID68,BID2732
CID68,BID46
CID69,BID1145
CID69,BID1423
CID69,BID1835
CID69,BID2212
CID69,BID943
CID70,BID1052
CID70,BID1340
CID70,BID2003
CID70,BID2309
CID70,BID486
CID70,BID500
CID71,BID2178
CID71,BID2487
CID71,BID847
CID72,BID1408
CID72,BID630
CID72,BID633
CID73,BID2410
CID73,BID2792
CID74,BID1930
CID74,BID694
CID75,BID1090
CID75,BID1367
CID75,BID257
CID75,BID2803
CID76,BID130
CID76,BID2184
CID76,BID2521
CID76,BID2604
CID76,BID2909
CID76,BID678
CID76,BID89
CID77,BID119
CID77,BID2400
CID77,BID257
CID77,BID2628
CID77,BID372
CID78,BID24
CID79,BID1734
CID79,BID1756
CID79,BID2033
CID79,BID2634
CID79,BID2889
CID79,BID300
CID79,BID842
CID80,BID1619
CID80,BID2353
CID80,BID2695
CID80,BID718
CID81,BID2714
CID81,BID2765
CID81,BID2897
CID81,BID2939
CID82,BID1425
CID82,BID2247
CID82,BID2332
CID82,BID2749
CID82,BID2864
CID82,BID303
CID82,BID641
CID83,BID1022
CID83,BID1270
CID83,BID1854
CID83,BID2200
CID83,BID2501
CID83,BID2957
CID83,BID896
CID84,BID2480
CID84,BID2540
CID84,BID2577
CID84,BID608
CID85,BID1263
CID85,BID1753
CID85,BID2886
CID85,BID68
CID85,BID819
CID86,BID2380
CID86,BID2872
CID86,BID2981
CID87,BID2105
CID87,BID2948
CID87,BID334
CID87,BID401
CID88,BID1709
CID88,BID1845
CID88,BID2084
CID88,BID2088
CID88,BID596
CID89,BID1102
CID89,BID696
CID90,BID76
CID91,BID1447
CID91,BID210
CID91,BID2421
CID91,BID892
CID92,BID1444
CID92,BID1929
CID92,BID824
CID92,BID869
CID92,BID9
CID93,BID2977
CID93,BID376
CID93,BID509
CID94,BID1192
CID94,BID1489
CID94,BID1561
CID94,BID466
CID94,BID667
CID94,BID883
CID95,BID1564
CID95,BID66
CID95,BID67
CID96,BID1535
CID96,BID1887
CID96,BID2098
CID96,BID2555
CID96,BID2736
CID97,BID2603
CID97,BID459
CID98,BID1017
CID98,BID221
CID98,BID2651
CID99,BID1089
CID99,BID116
CID99,BID259
CID99,BID374
CID99,BID483
CID99,BID856
CID100,BID1548
CID100,BID2203
CID100,BID2393
CID100,BID539
CID101,BID1271
CID101,BID1339
CID101,BID2800
CID102,BID138
CID103,BID1037
CID103,BID1559
CID103,BID2018
CID103,BID2276
CID103,BID2797
CID103,BID673
CID104,BID100
CID104,BID1120
CID104,BID1430
CID104,BID2835
CID105,BID1691
CID105,BID1902
CID105,BID2835
CID106,BID1247
CID106,BID276
CID106,BID358
CID106,BID546
CID106,BID65
CID106,BID921
CID107,BID2257
CID107,BID2336
CID107,BID2384
CID107,BID2994
CID108,BID2402
CID108,BID2544
CID108,BID2581
CID108,BID2667
CID109,BID1261
CID109,BID2209
CID109,BID2406
CID109,BID757
CID110,BID127
CID110,BID1390
CID110,BID2046
CID110,BID2755
CID110,BID2960
CID111,BID2175
CID111,BID2849
CID111,BID2944
CID112,BID1197
CID112,BID1755
CID112,BID334
CID112,BID576
CID112,BID885
CID113,BID1270
CID113,BID1462
CID113,BID2420
CID113,BID2736
CID113,BID284
CID113,BID79
CID114,BID1794
CID114,BID2312
CID114,BID2342
CID114,BID935
CID115,BID1128
CID115,BID1188
CID115,BID1699
CID115,BID2062
CID115,BID848
CID116,BID2830
CID116,BID771
CID117,BID151
CID117,BID1942
CID117,BID2804
CID117,BID500
CID118,BID110
CID118,BID1236
CID118,BID150
CID118,BID1979
CID118,BID2573
CID118,BID613
CID119,BID1902
CID120,BID1883
CID120,BID2823
CID120,BID732
CID121,BID1118
CID121,BID1195
CID121,BID2535
CID121,BID2701
CID121,BID2705
CID121,BID2827
CID121,BID2851
CID122,BID1127
CID122,BID1351
CID122,BID1371
CID122,BID1387
CID122,BID2413
CID122,BID920
CID123,BID1222
CID124,BID98
CID125,BID1382
CID125,BID2135
CID125,BID2256
CID125,BID2933
CID125,BID755
CID125,BID938
CID126,BID1454
CID126,BID1540
CID126,BID1725
CID126,BID2006
CID126,BID2792
CID126,BID312
CID127,BID1180
CID127,BID1267
CID127,BID2367
CID127,BID2459
CID127,BID504
CID128,BID1448
CID128,BID2277
CID128,BID2783
CID128,BID430
CID128,BID461
CID128,BID664
CID128,BID909
CID129,BID1330
CID129,BID1422
CID129,BID1491
CID129,BID188
CID130,BID141
CID130,BID1465
CID130,BID1491
CID130,BID154
CID130,BID2889
CID130,BID2934
CID130,BID550
CID131,BID1200
CID131,BID1624
CID131,BID1651
CID131,BID2218
CID131,BID2299
CID131,BID2322
CID131,BID944
CID132,BID1072
CID132,BID1459
CID132,BID2156
CID132,BID2288
CID132,BID464
CID132,BID853
CID133,BID1062
CID133,BID1286
CID133,BID1528
CID133,BID1685
CID133,BID1753
CID133,BID2282
CID134,BID861
CID135,BID2962
CID136,BID2058
CID136,BID2567
CID136,BID2758
CID136,BID2810
CID136,BID588
CID137,BID1666
CID137,BID2703
CID137,BID2942
CID137,BID351
CID137,BID39
CID137,BID612
CID137,BID910
CID138,BID1353
CID138,BID2304
CID138,BID2800
CID138,BID2876
CID138,BID549
CID139,BID1124
CID139,BID1269
CID139,BID1820
CID139,BID2408
CID139,BID2695
CID139,BID2864
CID139,BID2882
CID140,BID1686
CID140,BID222
CID140,BID2754
CID140,BID2843
CID140,BID822
CID141,BID1828
CID141,BID360
CID141,BID391
CID141,BID714
CID141,BID902
CID141,BID919
CID141,BID941
CID142,BID1256
CID142,BID1649
CID143,BID1201
CID143,BID1992
CID143,BID2343
CID143,BID849
CID144,BID1524
CID144,BID2100
CID144,BID247
CID145,BID2780
CID146,BID1294
CID146,BID2619
CID146,BID793
CID147,BID1426
CID147,BID830
CID148,BID1245
CID148,BID1498
CID148,BID2122
CID148,BID2739
CID148,BID2821
CID148,BID2835
CID148,BID2901
CID149,BID1470
CID149,BID2847
CID150,BID1605
CID150,BID1954
CID150,BID2630
CID150,BID266
CID150,BID896
CID151,BID2695
CID151,BID857
CID152,BID117
CID153,BID1021
CID153,BID2705
CID153,BID2977
CID154,BID1647
CID154,BID172
CID154,BID512
CID154,BID603
CID154,BID857
CID155,BID1911
CID155,BID203
CID155,BID2092
CID155,BID2314
CID155,BID716
CID155,BID733
CID156,BID2389
CID156,BID2577
CID156,BID2858
CID156,BID2920
CID157,BID1635
CID158,BID1598
CID158,BID2012
CID158,BID390
CID159,BID1053
CID159,BID1443
CID159,BID1813
CID159,BID2850
CID159,BID488
CID159,BID494
CID159,BID550
CID160,BID2010
CID160,BID2511
CID160,BID2944
CID160,BID560
CID161,BID1081
CID161,BID1192
CID161,BID1898
CID161,BID644
CID162,BID2243
CID162,BID2312
CID162,BID2664
CID162,BID347
CID162,BID40
CID163,BID1044
CID163,BID1220
CID163,BID1302
CID163,BID1611
CID163,BID1727
CID163,BID1986
CID163,BID629
CID164,BID247
CID164,BID2546
CID165,BID1773
CID165,BID2515
CID165,BID2954
CID165,BID45
CID166,BID2065
CID166,BID2248
CID166,BID288
CID166,BID425
CID167,BID1046
CID167,BID1748
CID167,BID1856
CID167,BID2797
CID167,BID747
CID167,BID804
CID168,BID1107
CID168,BID1153
CID168,BID1440
CID168,BID1851
CID168,BID2171
CID168,BID532
CID168,BID550
CID169,BID2021
CID169,BID2302
CID169,BID2812
CID169,BID785
CID170,BID1096
CID170,BID1491
CID170,BID1940
CID170,BID2187
CID170,BID2736
CID170,BID281
CID170,BID624
CID171,BID1099
CID171,BID123
CID171,BID1660
CID171,BID930
CID172,BID132
CID172,BID145
CID172,BID1943
CID172,BID2493
CID172,BID555
CID173,BID1234
CID173,BID1877
CID173,BID2875
CID173,BID2946
CID173,BID522
CID173,BID936
CID174,BID2345
CID174,BID2593
CID174,BID776
CID175,BID1069
CID175,BID2635
CID175,BID879
CID176,BID1411
CID176,BID1415
CID176,BID2147
CID176,BID2172
CID176,BID2449
CID176,BID2958
CID176,BID748
CID177,BID1209
CID177,BID2341
CID177,BID2396
CID177,BID432
CID178,BID1819
CID178,BID1829
CID178,BID2205
CID178,BID291
CID179,BID1277
CID179,BID1532
CID179,BID2874
CID179,BID677
CID180,BID2488
CID180,BID349
CID180,BID584
CID180,BID737
CID181,BID1265
CID181,BID1547
CID181,BID2488
CID181,BID2690
CID181,BID675
CID181,BID711
CID181,BID799
CID182,BID1045
CID183,BID1072
CID183,BID1796
CID183,BID328
CID184,BID1259
CID184,BID1283
CID184,BID193
CID184,BID2900
CID184,BID2954
CID184,BID730
CID185,BID1715
CID185,BID2044
CID185,BID2225
CID185,BID2361
CID185,BID2462
CID185,BID2666
CID185,BID2965
CID186,BID1080
CID186,BID1820
CID186,BID2316
CID186,BID2589
CID186,BID766
CID187,BID1947
CID187,BID1996
CID187,BID2040
CID187,BID933
CID188,BID1599
CID188,BID262
CID188,BID2706
CID189,BID1813
CID189,BID2283
CID190,BID1741
CID190,BID2766
CID191,BID1000
CID191,BID1145
CID191,BID1212
CID191,BID1337
CID191,BID192
CID191,BID2727
CID192,BID1564
CID192,BID1782
CID192,BID265
CID192,BID462
CID192,BID617
CID192,BID908
CID193,BID2326
CID193,BID509
CID193,BID773
CID193,BID870
CID194,BID2026
CID194,BID2176
CID194,BID241
CID194,BID2429
CID195,BID1361
CID195,BID1503
CID195,BID2058
CID195,BID874
CID196,BID2695
CID197,BID1122
CID197,BID1214
CID197,BID1648
CID197,BID2019
CID197,BID2114
CID197,BID2495
CID197,BID2763
CID198,BID1805
CID199,BID1298
CID199,BID133
CID199,BID1356
CID199,BID1957
CID199,BID2564
CID199,BID710
CID200,BID1578
CID201,BID1393
CID201,BID1832
CID201,BID2313
CID201,BID605
CID202,BID1479
CID202,BID2006
CID202,BID2151
CID202,BID532
CID202,BID946
CID203,BID1383
CID203,BID2280
CID203,BID2659
CID203,BID2757
CID203,BID2980
CID203,BID520
CID204,BID674
CID205,BID1060
CID205,BID2490
CID206,BID1070
CID206,BID1582
CID206,BID1613
CID206,BID1710
CID206,BID481
CID207,BID1205
CID207,BID1963
CID207,BID2498
CID207,BID2673
CID208,BID2015
CID208,BID2284
CID208,BID2916
CID208,BID2969
CID208,BID383
CID208,BID384
CID208,BID570
CID209,BID1376
CID209,BID1667
CID209,BID1768
CID209,BID1861
CID209,BID617
CID210,BID1686
CID211,BID1374
CID211,BID2082
CID211,BID2142
CID211,BID2222
CID211,BID2480
CID211,BID2642
CID211,BID998
CID212,BID1746
CID212,BID1914
CID212,BID2256
CID212,BID2650
CID212,BID407
CID212,BID974
CID213,BID1017
CID213,BID1409
CID213,BID1550
CID213,BID2587
CID213,BID2717
CID213,BID441
CID214,BID2072
CID214,BID2455
CID214,BID2789
CID214,BID66
CID215,BID1982
CID216,BID2367
CID216,BID627
CID217,BID1682
CID217,BID2893
CID217,BID67
CID217,BID920
CID218,BID1953
CID218,BID2185
CID218,BID453
CID218,BID925
CID219,BID183
CID219,BID1845
CID219,BID1901
CID219,BID2149
CID219,BID710
CID219,BID728
CID220,BID1161
CID220,BID1342
CID220,BID2358
CID220,BID2653
CID220,BID366
CID220,BID949
CID221,BID1547
CID221,BID56
CID222,BID1643
CID222,BID2881
CID223,BID1698
CID223,BID2404
CID223,BID622
CID223,BID785
CID223,BID886
CID224,BID2033
CID225,BID1429
CID225,BID2987
CID225,BID342
CID225,BID554
CID225,BID682
CID226,BID1617
CID226,BID2069
CID227,BID1654
CID227,BID1740
CID227,BID1746
CID227,BID279
CID228,BID2949
CID229,BID1317
CID229,BID2229
CID229,BID2775
CID230,BID1219
CID230,BID1376
CID230,BID2116
CID231,BID1785
CID231,BID19
CID231,BID2747
CID231,BID944
CID232,BID113
CID232,BID213
CID232,BID2239
CID232,BID2320
CID232,BID407
CID233,BID1883
CID233,BID2528
CID233,BID2694
CID234,BID2284
CID234,BID2476
CID234,BID2509
CID234,BID2880
CID234,BID368
CID234,BID750
CID234,BID945
CID235,BID1334
CID235,BID1647
CID235,BID2301
CID235,BID2380
CID235,BID2416
CID235,BID2645
CID235,BID312
CID236,BID1380
CID236,BID1668
CID236,BID2615
CID237,BID1431
CID237,BID1468
CID237,BID1646
CID237,BID2924
CID237,BID648
CID237,BID933
CID238,BID553
CID239,BID1716
CID239,BID2804
CID240,BID1143
CID240,BID1568
CID240,BID1761
CID240,BID2387
CID240,BID2809
CID241,BID1285
CID241,BID2527
CID241,BID935
CID242,BID1033
CID242,BID2118
CID242,BID270
CID242,BID315
CID242,BID638
CID242,BID790
CID243,BID1561
CID243,BID2647
CID243,BID2693
CID243,BID452
CID243,BID664
CID243,BID726
CID244,BID1414
CID244,BID1469
CID244,BID2541
CID244,BID256
CID244,BID2956
CID244,BID346
CID244,BID578
CID245,BID2287
CID245,BID237
CID245,BID2519
CID245,BID688
CID246,BID345
CID247,BID143
CID247,BID2315
CID247,BID2975
CID248,BID1116
CID248,BID2966
CID248,BID398
CID248,BID457
CID249,BID1516
CID249,BID1549
CID249,BID1643
CID249,BID2407
CID249,BID2654
CID249,BID2850
CID249,BID521
CID250,BID103
CID250,BID2380
CID250,BID2459
CID250,BID2758
CID250,BID2895
CID250,BID635
CID250,BID801
CID251,BID2607
CID251,BID538
CID252,BID111
CID252,BID1847
CID252,BID2699
CID252,BID296
CID252,BID828
CID252,BID996
CID253,BID116
CID254,BID1751
CID254,BID1811
CID254,BID2077
CID254,BID2083
CID254,BID2272
CID254,BID2515
CID254,BID882
CID255,BID161
CID255,BID1773
CID255,BID269
CID255,BID271
CID255,BID815
CID256,BID1828
CID256,BID2499
CID256,BID675
CID256,BID858
CID256,BID896
CID257,BID1003
CID257,BID1115
CID257,BID1515
CID257,BID755
CID257,BID887
CID258,BID1586
CID258,BID1901
CID258,BID2503
CID258,BID263
CID258,BID836
CID258,BID918
CID259,BID1591
CID259,BID192
CID259,BID2863
CID259,BID2965
CID260,BID1703
CID260,BID2128
CID260,BID2861
CID260,BID2978
CID260,BID415
CID260,BID934
CID261,BID505
CID261,BID509
CID262,BID121
CID262,BID2019
CID262,BID2620
CID262,BID281
CID262,BID341
CID263,BID1401
CID263,BID1690
CID263,BID1874
CID263,BID2137
CID263,BID218
CID263,BID2623
CID264,BID1080
CID264,BID1406
CID264,BID1517
CID264,BID485
CID264,BID532
CID264,BID568
CID264,BID643
CID265,BID1297
CID265,BID1323
CID265,BID135
CID265,BID1680
CID265,BID1940
CID265,BID2790
CID266,BID1715
CID266,BID2076
CID267,BID1052
CID267,BID1101
CID267,BID213
CID268,BID1023
CID268,BID1622
CID268,BID21
CID268,BID824
CID268,BID999
CID269,BID2736
CID269,BID2780
CID269,BID2938
CID270,BID2528
CID271,BID1653
CID271,BID216
CID271,BID2993
CID271,BID762
CID272,BID2230
CID272,BID954
CID272,BID955
CID273,BID1370
CID273,BID1432
CID273,BID2315
CID273,BID2321
CID273,BID2522
CID273,BID2677
CID273,BID321
CID274,BID2024
CID274,BID2528
CID274,BID2590
CID274,BID2891
CID274,BID664
CID274,BID828
CID275,BID171
CID275,BID623
CID276,BID1462
CID276,BID2055
CID277,BID1497
CID277,BID1629
CID278,BID1004
CID278,BID1099
CID278,BID1576
CID278,BID2807
CID278,BID2830
CID278,BID392
CID278,BID489
CID279,BID1789
CID279,BID2213
CID279,BID2450
CID279,BID2709
CID279,BID2898
CID280,BID1679
CID280,BID1974
CID280,BID2828
CID280,BID511
CID281,BID1006
CID281,BID2389
CID281,BID2684
CID282,BID130
CID282,BID1414
CID282,BID165
CID282,BID2083
CID282,BID2234
CID282,BID43
CID282,BID775
CID283,BID1211
CID283,BID2851
CID283,BID2864
CID283,BID2903
CID284,BID1055
CID284,BID1348
CID284,BID1765
CID284,BID278
CID284,BID2983
CID284,BID61
CID285,BID2005
CID285,BID2116
CID285,BID2429
CID286,BID2188
CID286,BID2254
CID286,BID2465
CID286,BID2956
CID286,BID725
CID286,BID920
CID287,BID31
CID288,BID1603
CID288,BID1628
CID288,BID576
CID289,BID1324
CID289,BID1698
CID289,BID2018
CID289,BID217
CID289,BID221
CID290,BID1535
CID290,BID2300
CID290,BID657
CID291,BID1346
CID291,BID2949
CID292,BID107
CID292,BID1129
CID292,BID1294
CID292,BID1382
CID292,BID1429
CID292,BID2266
CID292,BID2318
CID293,BID1482
CID293,BID2643
CID293,BID2773
CID293,BID2903
CID293,BID809
CID293,BID985
CID294,BID134
CID294,BID1346
CID294,BID145
CID294,BID2057
CID294,BID2288
CID294,BID547
CID295,BID2412
CID295,BID417
CID295,BID525
CID295,BID769
CID295,BID84
CID296,BID2234
CID296,BID69
CID297,BID1343
CID297,BID2204
CID297,BID2725
CID297,BID2913
CID298,BID1165
CID298,BID2220
CID298,BID2503
CID298,BID2675
CID298,BID588
CID298,BID64
CID299,BID2120
CID300,BID108
CID300,BID1601
CID300,BID1962
CID300,BID2146
CID300,BID2227
CID300,BID2401
CID300,BID2450
CID301,BID13
CID301,BID1893
CID301,BID2628
CID301,BID405
CID301,BID677
CID301,BID688
CID301,BID973
CID302,BID1069
CID302,BID1822
CID302,BID19
CID302,BID2134
CID302,BID398
CID302,BID69
CID302,BID753
CID303,BID1299
CID303,BID1302
CID303,BID1456
CID303,BID1521
CID304,BID71
CID304,BID789
CID305,BID1208
CID305,BID207
CID305,BID2719
CID305,BID2805
CID306,BID1185
CID306,BID1211
CID306,BID2995
CID306,BID650
CID307,BID1111
CID307,BID1490
CID307,BID1780
CID307,BID2598
CID307,BID2622
CID307,BID895
CID307,BID914
CID308,BID1000
CID308,BID1612
CID308,BID1910
CID309,BID438
CID310,BID1861
CID310,BID2091
CID310,BID2113
CID310,BID233
CID310,BID375
CID311,BID1163
CID311,BID1778
CID311,BID2007
CID311,BID2056
CID311,BID2144
CID311,BID566
CID312,BID199
CID313,BID1109
CID313,BID2282
CID313,BID2473
CID313,BID272
CID313,BID2829
CID314,BID1199
CID314,BID1939
CID314,BID2101
CID314,BID2417
CID314,BID2841
CID314,BID287
CID314,BID70
CID315,BID1425
CID315,BID2709
CID316,BID1936
CID316,BID2967
CID316,BID494
CID317,BID1073
CID317,BID129
CID317,BID2360
CID317,BID677
CID318,BID1072
CID318,BID1432
CID318,BID2311
CID318,BID2504
CID318,BID2982
CID318,BID480
CID318,BID547
CID319,BID1292
CID319,BID1396
CID319,BID2072
CID319,BID2194
CID319,BID2311
CID319,BID2479
CID319,BID579
CID320,BID138
CID320,BID1406
CID320,BID2162
CID320,BID2869
CID320,BID378
CID320,BID748
CID321,BID1480
CID321,BID1518
CID321,BID1631
CID321,BID2701
CID321,BID2812
CID321,BID2989
CID322,BID1312
CID322,BID1478
CID322,BID1576
CID322,BID2929
CID323,BID322
CID324,BID1125
CID324,BID1299
CID324,BID2435
CID324,BID2480
CID324,BID604
CID325,BID11
CID325,BID1352
CID325,BID2690
CID326,BID1046
CID326,BID1341
CID326,BID1963
CID326,BID198
CID326,BID2312
CID326,BID2820
CID327,BID1347
CID327,BID1545
CID327,BID672
CID328,BID1664
CID328,BID1723
CID328,BID1795
CID328,BID256
CID328,BID2614
CID328,BID2940
CID328,BID459
CID329,BID1224
CID330,BID1478
CID330,BID2385
CID330,BID2524
CID330,BID2564
CID330,BID262
CID330,BID266
CID330,BID754
CID331,BID1908
CID331,BID2326
CID331,BID2756
CID331,BID2768
CID331,BID479
CID331,BID855
CID332,BID1139
CID332,BID1170
CID332,BID2400
CID333,BID162
CID333,BID784
CID334,BID2815
CID334,BID2872
CID334,BID2943
CID334,BID579
CID334,BID676
CID335,BID1213
CID335,BID1426
CID335,BID1761
CID335,BID1986
CID335,BID2669
CID335,BID734
CID336,BID1679
CID336,BID962
CID337,BID2058
CID337,BID2159
CID337,BID2395
CID337,BID2774
CID337,BID2915
CID337,BID956
CID338,BID2326
CID338,BID246
CID338,BID2504
CID338,BID2584
CID338,BID406
CID338,BID542
CID338,BID898
CID339,BID1213
CID339,BID194
CID339,BID450
CID339,BID693
CID339,BID869
CID340,BID2231
CID340,BID2258
CID340,BID470
CID340,BID755
CID340,BID955
CID341,BID1483
CID341,BID1561
CID341,BID2729
CID341,BID275
CID341,BID2848
CID341,BID2859
CID341,BID2869
CID342,BID2338
CID342,BID239
CID342,BID2427
CID342,BID2503
CID342,BID2532
CID342,BID2908
CID342,BID56
CID343,BID1183
CID343,BID1300
CID343,BID1965
CID343,BID2099
CID343,BID2244
CID343,BID518
CID343,BID701
CID344,BID175
CID344,BID2023
CID344,BID2601
CID344,BID2965
CID344,BID330
CID345,BID1188
CID345,BID1998
CID345,BID2143
CID345,BID2997
CID345,BID983
CID346,BID127
CID346,BID1294
CID346,BID2767
CID346,BID2851
CID346,BID734
CID347,BID1915
CID347,BID2352
CID347,BID2475
CID347,BID2663
CID347,BID463
CID347,BID539
CID347,BID610
CID348,BID2285
CID348,BID304
CID348,BID594
CID349,BID1412
CID349,BID1755
CID349,BID2373
CID349,BID2667
CID349,BID744
CID350,BID2084
CID350,BID219
CID350,BID2556
CID350,BID988
CID351,BID189
CID351,BID2534
CID352,BID2625
CID353,BID217
CID353,BID2643
CID353,BID2998
CID354,BID2984
CID354,BID415
CID355,BID641
CID356,BID1149
CID356,BID1929
CID356,BID230
CID357,BID1155
CID357,BID1531
CID357,BID1671
CID357,BID2129
CID357,BID2138
CID357,BID254
CID358,BID11
CID358,BID1885
CID358,BID257
CID358,BID2700
CID358,BID609
CID358,BID817
CID359,BID1547
CID359,BID615
CID360,BID2482
CID361,BID355
CID362,BID1155
CID362,BID2034
CID362,BID2062
CID362,BID2310
CID362,BID2313
CID362,BID2633
CID363,BID160
CID363,BID901
CID364,BID1756
CID364,BID2453
CID364,BID669
CID365,BID1129
CID365,BID1190
CID365,BID2035
CID365,BID2818
CID365,BID2885
CID365,BID427
CID365,BID942
CID366,BID1072
CID366,BID1173
CID366,BID1764
CID366,BID1863
CID366,BID1982
CID366,BID2440
CID366,BID2529
CID367,BID1164
CID367,BID1706
CID367,BID2891
CID368,BID1859
CID368,BID2097
CID368,BID220
CID368,BID2321
CID368,BID2871
CID368,BID2969
CID368,BID353
CID369,BID1664
CID369,BID2718
CID369,BID2800
CID369,BID819
CID370,BID2426
CID371,BID1164
CID371,BID1351
CID371,BID2396
CID371,BID2569
CID371,BID2772
CID371,BID813
CID372,BID130
CID372,BID1439
CID372,BID1491
CID373,BID222
CID374,BID1334
CID374,BID1478
CID374,BID1783
CID374,BID272
CID374,BID2917
CID374,BID795
CID374,BID943
CID375,BID1077
CID375,BID142
CID375,BID2062
CID375,BID2416
CID375,BID2560
CID376,BID76
CID376,BID849
CID377,BID384
CID378,BID1082
CID378,BID1492
CID378,BID1619
CID378,BID2112
CID378,BID2558
CID379,BID128
CID379,BID1674
CID379,BID2054
CID379,BID2546
CID379,BID2632
CID379,BID2819
CID379,BID357
CID380,BID1076
CID381,BID1569
CID381,BID1753
CID381,BID2040
CID381,BID2866
CID381,BID388
CID381,BID997
CID382,BID1044
CID382,BID1794
CID382,BID1895
CID382,BID191
CID382,BID2336
CID382,BID608
CID382,BID777
CID383,BID1229
CID383,BID1560
CID383,BID200
CID383,BID848
CID384,BID1034
CID384,BID2108
CID384,BID2542
CID385,BID132
CID385,BID1903
CID385,BID272
CID385,BID2861
CID385,BID2907
CID385,BID3000
CID385,BID597
CID386,BID1777
CID386,BID2056
CID386,BID2136
CID386,BID2197
CID386,BID2817
CID386,BID2942
CID387,BID1391
CID387,BID1847
CID387,BID2005
CID387,BID2706
CID387,BID2710
CID387,BID421
CID387,BID593
CID388,BID2338
CID388,BID379
CID388,BID889
CID388,BID916
CID389,BID1080
CID389,BID166
CID389,BID1867
CID389,BID193
CID389,BID2512
CID389,BID271
CID389,BID511
CID390,BID1445
CID390,BID2288
CID390,BID2440
CID390,BID2486
CID390,BID605
CID391,BID1273
CID391,BID1338
CID391,BID2369
CID391,BID291
CID391,BID2920
CID391,BID490
CID391,BID62
CID392,BID12
CID392,BID1572
CID392,BID1917
CID392,BID2364
CID392,BID2553
CID393,BID1665
CID393,BID1880
CID393,BID1974
CID393,BID2020
CID393,BID2132
CID393,BID2225
CID393,BID489
CID394,BID2939
CID394,BID3000
CID395,BID1788
CID395,BID1833
CID395,BID2355
CID395,BID2393
CID395,BID2790
CID395,BID556
CID396,BID1225
CID396,BID1357
CID396,BID146
CID396,BID1680
CID396,BID2670
CID396,BID493
CID397,BID1534
CID397,BID1678
CID397,BID2147
CID397,BID2196
CID397,BID2626
CID397,BID611
CID397,BID787
CID398,BID1777
CID399,BID2114
CID399,BID610
CID400,BID1070
CID400,BID2004
CID400,BID2151
CID400,BID2388
CID400,BID826
CID401,BID1662
CID401,BID1975
CID401,BID2054
CID401,BID544
CID402,BID1024
CID402,BID1033
CID402,BID1194
CID402,BID1606
CID402,BID1946
CID402,BID2365
CID402,BID628
CID403,BID1240
CID403,BID1442
CID403,BID2003
CID403,BID2293
CID403,BID2668
CID403,BID2986
CID404,BID1796
CID404,BID713
CID405,BID1080
CID406,BID1100
CID406,BID1889
CID406,BID2544
CID406,BID2682
CID407,BID110
CID407,BID1839
CID407,BID2068
CID408,BID23
CID408,BID2841
CID409,BID1853
CID409,BID1965
CID409,BID2082
CID409,BID2402
CID409,BID2420
CID409,BID2557
CID409,BID2627
CID410,BID1627
CID410,BID2243
CID410,BID2309
CID410,BID294
CID410,BID848
CID411,BID1128
CID411,BID1690
CID411,BID181
CID411,BID1957
CID411,BID245
CID412,BID1745
CID412,BID2818
CID412,BID2967
CID413,BID1693
CID414,BID1285
CID414,BID2552
CID414,BID2814
CID414,BID467
CID414,BID504
CID415,BID2249
CID415,BID694
CID416,BID1454
CID416,BID1673
CID416,BID268
CID416,BID897
CID417,BID1149
CID417,BID1703
CID417,BID1765
CID417,BID1913
CID417,BID999
CID418,BID1023
CID418,BID1591
CID418,BID2704
CID418,BID2872
CID418,BID448
CID419,BID129
CID419,BID1967
CID419,BID2463
CID419,BID2563
CID419,BID2676
CID419,BID649
CID419,BID950
CID420,BID1072
CID420,BID2061
CID420,BID2527
CID421,BID128
CID421,BID2393
CID421,BID634
CID421,BID927
CID422,BID1209
CID422,BID1349
CID422,BID1852
CID422,BID502
CID422,BID777
CID423,BID1767
CID423,BID293
CID424,BID1464
CID424,BID2945
CID425,BID1613
CID425,BID1753
CID426,BID1053
CID426,BID1380
CID426,BID1395
CID426,BID1530
CID426,BID1608
CID426,BID2429
CID426,BID895
CID427,BID1207
CID428,BID1383
CID428,BID898
CID429,BID1118
CID429,BID2037
CID430,BID1177
CID430,BID1213
CID430,BID1414
CID430,BID1750
CID430,BID2253
CID430,BID2446
CID430,BID2727
CID431,BID1749
CID431,BID1830
CID432,BID1404
CID432,BID209
CID432,BID327
CID433,BID1557
CID433,BID1734
CID433,BID2266
CID433,BID2292
CID433,BID254
CID433,BID543
CID434,BID1696
CID434,BID1698
CID434,BID2217
CID434,BID2362
CID434,BID613
CID434,BID888
CID435,BID1472
CID435,BID2016
CID435,BID2295
CID435,BID865
CID436,BID2015
CID436,BID2811
CID436,BID563
CID436,BID905
CID436,BID934
CID437,BID1182
CID437,BID1287
CID437,BID1955
CID437,BID2616
CID437,BID2877
CID437,BID844
CID437,BID98
CID438,BID2134
CID438,BID2911
CID439,BID1205
CID439,BID2140
CID439,BID2419
CID439,BID2556
CID439,BID2636
CID439,BID2648
CID440,BID1590
CID440,BID1998
CID440,BID2146
CID440,BID2385
CID440,BID2648
CID441,BID1259
CID441,BID1919
CID441,BID2620
CID442,BID1081
CID442,BID1168
CID442,BID1257
CID442,BID1525
CID442,BID1993
CID442,BID281
CID443,BID1144
CID443,BID1168
CID443,BID1865
CID443,BID1868
CID444,BID2693
CID445,BID1446
CID445,BID1822
CID445,BID2216
CID445,BID228
CID445,BID2293
CID445,BID287
CID445,BID317
CID446,BID1058
CID446,BID1641
CID446,BID1904
CID446,BID446
CID446,BID635
CID446,BID755
CID447,BID2132
CID447,BID2209
CID447,BID2448
CID447,BID2469
CID447,BID827
CID448,BID144
CID448,BID620
CID448,BID655
CID449,BID1143
CID449,BID1245
CID449,BID2115
CID449,BID2398
CID449,BID2856
CID449,BID2863
CID449,BID556
CID450,BID1098
CID450,BID1186
CID450,BID1899
CID450,BID337
CID450,BID464
CID451,BID1944
CID451,BID268
CID451,BID2739
CID451,BID2855
CID452,BID1283
CID452,BID1985
CID452,BID2244
CID452,BID335
CID452,BID865
CID453,BID1599
CID453,BID1831
CID453,BID372
CID453,BID86
CID454,BID1073
CID454,BID154
CID454,BID2163
CID454,BID2342
CID454,BID750
CID454,BID753
CID454,BID829
CID455,BID159
CID455,BID1707
CID455,BID1820
CID455,BID1906
CID455,BID734
CID455,BID968
CID456,BID1251
CID456,BID1255
CID456,BID1492
CID456,BID2530
CID456,BID2919
CID456,BID757
CID456,BID86
CID457,BID542
CID458,BID2679
CID458,BID383
CID458,BID386
CID458,BID600
CID459,BID104
CID459,BID2222
CID459,BID39
CID459,BID503
CID459,BID555
CID459,BID883
CID460,BID2787
CID460,BID513
CID460,BID894
CID461,BID1789
CID461,BID1790
CID461,BID2043
CID461,BID2140
CID461,BID464
CID461,BID895
CID462,BID1469
CID462,BID549
CID463,BID1722
CID463,BID1954
CID463,BID2066
CID463,BID2208
CID463,BID2886
CID463,BID418
CID464,BID2028
CID464,BID2045
CID464,BID2150
CID465,BID990
CID466,BID1295
CID466,BID1654
CID466,BID182
CID466,BID2178
CID466,BID444
CID466,BID78
CID467,BID1511
CID467,BID2084
CID468,BID2169
CID469,BID1470
CID469,BID175
CID469,BID1880
CID469,BID2132
CID469,BID2373
CID470,BID619
CID471,BID1201
CID471,BID134
CID471,BID1376
CID471,BID1703
CID471,BID412
CID471,BID854
CID472,BID1742
CID472,BID2179
CID472,BID2190
CID473,BID104
CID473,BID1185
CID473,BID2266
CID473,BID2403
CID474,BID2647
CID474,BID369
CID474,BID946
CID474,BID994
CID475,BID1848
CID475,BID2283
CID475,BID48
CID475,BID985
CID476,BID1473
CID476,BID2106
CID476,BID501
CID476,BID823
CID477,BID1325
CID477,BID2679
CID477,BID642
CID478,BID2495
CID478,BID2887
CID478,BID724
CID479,BID1109
CID479,BID1372
CID479,BID846
CID479,BID88
CID480,BID1307
CID480,BID1481
CID480,BID1930
CID481,BID1701
CID482,BID180
CID482,BID509
CID482,BID750
CID482,BID911
CID483,BID1984
CID483,BID376
CID483,BID468
CID484,BID2060
CID484,BID2467
CID485,BID1494
CID485,BID1939
CID485,BID2846
CID485,BID2880
CID485,BID300
CID486,BID2193
CID486,BID2574
CID486,BID346
CID486,BID564
CID487,BID119
CID488,BID1200
CID488,BID165
CID488,BID2035
CID488,BID2079
CID488,BID2695
CID488,BID428
CID489,BID1031
CID489,BID1333
CID489,BID402
CID489,BID964
CID490,BID1139
CID490,BID17
CID490,BID204
CID490,BID2148
CID490,BID2517
CID490,BID2878
CID490,BID555
CID491,BID1982
CID491,BID2017
CID491,BID2592
CID491,BID2831
CID491,BID34
CID492,BID1149
CID492,BID1276
CID492,BID1527
CID492,BID1769
CID493,BID11
CID493,BID2089
CID494,BID1247
CID494,BID2092
CID494,BID2926
CID495,BID1127
CID495,BID1674
CID496,BID1477
CID496,BID1818
CID496,BID1876
CID496,BID2184
CID497,BID1287
CID497,BID1398
CID497,BID1485
CID497,BID2435
CID497,BID2727
CID497,BID2974
CID497,BID647
CID498,BID1483
CID498,BID1826
CID498,BID52
CID499,BID1677
CID499,BID1913
CID499,BID2042
CID499,BID2429
CID499,BID2949
CID500,BID1641
CID500,BID2085
CID500,BID2645
CID500,BID301
CID500,BID881
CID501,BID1971
CID501,BID2375
CID502,BID120
CID502,BID183
CID502,BID1856
CID502,BID2192
CID502,BID52
CID502,BID529
CID502,BID708
CID503,BID168
CID503,BID1803
CID504,BID1974
CID504,BID2135
CID504,BID2175
CID504,BID2500
CID504,BID888
CID505,BID2111
CID505,BID2731
CID505,BID78
CID506,BID1002
CID506,BID1234
CID506,BID2091
CID506,BID509
CID506,BID544
CID506,BID928
CID507,BID189
CID508,BID112
CID508,BID1325
CID508,BID1599
CID509,BID1118
CID509,BID1984
CID509,BID2315
CID509,BID2951
CID509,BID2973
CID509,BID668
CID509,BID980
CID510,BID1004
CID510,BID1533
CID510,BID165
CID510,BID1777
CID510,BID2485
CID510,BID2499
CID510,BID291
CID511,BID2377
CID512,BID1199
CID512,BID1426
CID512,BID192
CID512,BID2343
CID512,BID248
CID512,BID285
CID512,BID342
CID513,BID2746
CID513,BID2776
CID513,BID320
CID514,BID101
CID514,BID1017
CID514,BID2768
CID514,BID739
CID514,BID900
CID515,BID1033
CID515,BID1781
CID515,BID2271
CID515,BID334
CID515,BID905
CID516,BID2101
CID516,BID2341
CID516,BID2527
CID516,BID916
CID517,BID104
CID517,BID1065
CID517,BID1087
CID517,BID1640
CID517,BID1904
CID517,BID518
CID517,BID678
CID518,BID1333
CID518,BID2233
CID518,BID636
CID519,BID1006
CID519,BID414
CID520,BID1275
CID520,BID141
CID520,BID1468
CID520,BID2026
CID520,BID917
CID521,BID1068
CID521,BID2861
CID522,BID1932
CID522,BID2613
CID522,BID2730
CID522,BID2998
CID522,BID536
CID522,BID816
CID523,BID18
CID523,BID1809
CID523,BID1953
CID523,BID541
CID524,BID1045
CID524,BID1384
CID525,BID1800
CID526,BID2045
CID526,BID387
CID526,BID629
CID527,BID1451
CID527,BID2972
CID528,BID1172
CID528,BID2911
CID529,BID140
CID529,BID2103
CID529,BID2388
CID529,BID2886
CID529,BID2936
CID530,BID1296
CID530,BID1348
CID530,BID1436
CID530,BID464
CID530,BID593
CID531,BID1078
CID531,BID578
CID532,BID1099
CID532,BID1475
CID532,BID1844
CID532,BID2191
CID532,BID511
CID532,BID592
CID533,BID1100
CID533,BID2066
CID533,BID2734
CID534,BID1034
CID534,BID1379
CID534,BID1872
CID534,BID1978
CID534,BID202
CID534,BID2362
CID535,BID1134
CID535,BID1811
CID535,BID2582
CID535,BID2586
CID535,BID435
CID535,BID681
CID535,BID970
CID536,BID1286
CID536,BID2506
CID537,BID1247
CID537,BID840
CID538,BID84
CID539,BID119
CID539,BID1334
CID539,BID1665
CID540,BID213
CID540,BID2556
CID540,BID2845
CID540,BID845
CID541,BID1371
CID541,BID645
CID542,BID1321
CID542,BID1522
CID542,BID2332
CID542,BID2793
CID542,BID2815
CID542,BID2954
CID542,BID452
CID543,BID1016
CID543,BID2099
CID543,BID2234
CID543,BID259
CID544,BID129
CID544,BID1932
CID545,BID1657
CID545,BID1672
CID545,BID2579
CID545,BID67
CID546,BID1478
CID546,BID981
CID547,BID1025
CID547,BID1055
CID547,BID1596
CID547,BID1842
CID547,BID2433
CID547,BID421
CID547,BID794
CID548,BID1037
CID548,BID1168
CID548,BID119
CID548,BID1284
CID548,BID1619
CID548,BID1870
CID548,BID833
CID549,BID1100
CID549,BID1365
CID549,BID240
CID549,BID2929
CID549,BID76
CID550,BID2211
CID550,BID2479
CID550,BID2610
CID550,BID2971
CID550,BID875
CID551,BID248
CID551,BID489
CID551,BID509
CID551,BID958
CID551,BID990
CID552,BID1045
CID552,BID1302
CID552,BID2740
CID552,BID418
CID553,BID2110
CID553,BID348
CID554,BID174
CID554,BID259
CID554,BID333
CID555,BID1712
CID556,BID1793
CID557,BID1277
CID557,BID1948
CID557,BID2173
CID557,BID2889
CID558,BID1271
CID558,BID20
CID558,BID245
CID558,BID2571
CID558,BID288
CID558,BID890
CID559,BID1739
CID559,BID2662
CID560,BID1758
CID560,BID2021
CID560,BID2089
CID560,BID500
CID561,BID1292
CID561,BID2676
CID561,BID627
CID562,BID1407
CID562,BID1940
CID562,BID1976
CID562,BID2018
CID562,BID2050
CID562,BID846
CID562,BID879
CID563,BID1377
CID563,BID1716
CID563,BID372
CID563,BID750
CID564,BID1030
CID564,BID2304
CID564,BID654
CID565,BID2145
CID565,BID2267
CID565,BID2358
CID565,BID2515
CID565,BID302
CID565,BID738
CID565,BID822
CID566,BID2296
CID566,BID469
CID567,BID1889
CID567,BID2280
CID567,BID249
CID568,BID1745
CID568,BID1856
CID568,BID2583
CID568,BID2630
CID568,BID457
CID568,BID599
CID568,BID892
CID569,BID1813
CID569,BID2676
CID570,BID100
CID570,BID1387
CID570,BID1458
CID570,BID1795
CID570,BID1909
CID570,BID2162
CID570,BID2251
CID571,BID2444
CID571,BID355
CID572,BID1296
CID572,BID1605
CID572,BID1969
CID572,BID2165
CID572,BID2447
CID572,BID2533
CID572,BID40
CID573,BID2292
CID573,BID2399
CID573,BID2778
CID573,BID435
CID573,BID522
CID574,BID1813
CID574,BID2169
CID574,BID335
CID575,BID1122
CID575,BID2869
CID575,BID848
CID576,BID1218
CID576,BID1411
CID576,BID2453
CID576,BID796
CID576,BID93
CID577,BID2051
CID577,BID2313
CID577,BID306
CID577,BID496
CID577,BID760
CID577,BID783
CID577,BID851
CID578,BID1304
CID578,BID1707
CID578,BID298
CID578,BID727
CID578,BID99
CID579,BID1783
CID579,BID2866
CID579,BID72
CID580,BID1304
CID580,BID2094
CID580,BID2124
CID580,BID2527
CID580,BID2560
CID580,BID2784
CID580,BID454
CID581,BID1084
CID581,BID84
CID582,BID1694
CID582,BID2041
CID582,BID656
CID583,BID1125
CID584,BID1282
CID584,BID1451
CID584,BID1563
CID584,BID2131
CID584,BID695
CID585,BID1477
CID585,BID1595
CID585,BID789
CID586,BID1353
CID586,BID1900
CID586,BID1923
CID586,BID1987
CID586,BID2625
CID586,BID2776
CID586,BID688
CID587,BID1417
CID587,BID169
CID587,BID2140
CID587,BID820
CID588,BID2334
CID589,BID1673
CID589,BID400
CID589,BID536
CID589,BID545
CID589,BID77
CID589,BID900
CID590,BID1282
CID591,BID1015
CID591,BID1312
CID591,BID2564
CID591,BID2948
CID592,BID1261
CID592,BID1384
CID592,BID1794
CID592,BID2158
CID592,BID468
CID592,BID880
CID593,BID2150
CID593,BID705
CID594,BID1803
CID594,BID541
CID595,BID1349
CID595,BID2141
CID595,BID388
CID596,BID1742
CID596,BID61
CID596,BID821
CID597,BID1275
CID597,BID2197
CID597,BID2315
CID597,BID240
CID597,BID2484
CID597,BID2732
CID597,BID2983
CID598,BID120
CID598,BID2022
CID598,BID2181
CID598,BID2551
CID599,BID373
CID600,BID1312
CID600,BID1474
CID600,BID2126
CID600,BID2971
CID600,BID408
CID601,BID2497
CID601,BID311
CID602,BID2049
CID602,BID2208
CID603,BID1291
CID603,BID1701
CID603,BID1723
CID603,BID1921
CID603,BID2905
CID603,BID406
CID604,BID1131
CID604,BID1328
CID604,BID2411
CID604,BID243
CID604,BID2614
CID604,BID2974
CID604,BID885
CID605,BID2428
CID605,BID2591
CID605,BID521
CID606,BID1644
CID606,BID2060
CID606,BID2224
CID606,BID468
CID607,BID545
CID608,BID1603
CID608,BID1878
CID608,BID2478
CID608,BID2821
CID609,BID1041
CID609,BID1869
CID610,BID1699
CID610,BID1702
CID610,BID1794
CID610,BID2830
CID610,BID395
CID610,BID710
CID610,BID833
CID611,BID2010
CID611,BID2035
CID612,BID1425
CID612,BID2099
CID612,BID2654
CID612,BID271
CID612,BID62
CID613,BID1277
CID613,BID1749
CID613,BID2380
CID613,BID2878
CID613,BID487
CID614,BID1114
CID614,BID1291
CID614,BID1520
CID614,BID2245
CID614,BID2806
CID614,BID2904
CID614,BID878
CID615,BID2758
CID616,BID1951
CID616,BID221
CID616,BID316
CID617,BID1050
CID617,BID120
CID617,BID1544
CID617,BID1967
CID617,BID2320
CID617,BID458
CID618,BID1140
CID618,BID2445
CID618,BID2925
CID618,BID550
CID618,BID896
CID619,BID1135
CID619,BID201
CID619,BID2134
CID619,BID2390
CID620,BID1693
CID620,BID2470
CID621,BID308
CID622,BID1007
CID622,BID2693
CID623,BID1080
CID623,BID1185
CID623,BID1619
CID623,BID1751
CID623,BID1760
CID623,BID1894
CID624,BID1168
CID624,BID155
CID624,BID2961
CID625,BID1093
CID625,BID183
CID625,BID2500
CID625,BID2535
CID625,BID2746
CID625,BID2889
CID626,BID1368
CID626,BID1633
CID626,BID1683
CID626,BID2674
CID626,BID660
CID626,BID743
CID627,BID1324
CID627,BID1947
CID627,BID42
CID627,BID877
CID628,BID14
CID628,BID1657
CID628,BID2534
CID628,BID2986
CID628,BID77
CID629,BID50
CID630,BID1012
CID630,BID1528
CID630,BID1753
CID630,BID2507
CID630,BID817
CID631,BID1235
CID632,BID1986
CID632,BID2433
CID633,BID1241
CID633,BID1277
CID633,BID22
CID633,BID2268
CID633,BID2948
CID633,BID761
CID634,BID2781
CID634,BID518
CID635,BID2272
CID635,BID554
CID635,BID703
CID636,BID1463
CID637,BID1968
CID638,BID2607
CID638,BID2708
CID638,BID2718
CID639,BID1125
CID639,BID1411
CID639,BID1426
CID639,BID2367
CID639,BID349
CID639,BID954
CID640,BID1189
CID641,BID1089
CID641,BID1404
CID641,BID1549
CID641,BID1813
CID641,BID2235
CID641,BID404
CID641,BID787
CID642,BID137
CID642,BID2732
CID643,BID1634
CID643,BID380
CID643,BID409
CID643,BID554
CID644,BID1880
CID645,BID272
CID645,BID2756
CID646,BID1059
CID646,BID1447
CID646,BID2250
CID646,BID2719
CID646,BID2840
CID646,BID2898
CID646,BID774
CID647,BID1077
CID647,BID1256
CID647,BID1928
CID647,BID2385
CID647,BID792
CID648,BID1052
CID648,BID1424
CID648,BID1646
CID648,BID1825
CID648,BID2655
CID649,BID1568
CID649,BID2593
CID649,BID2912
CID650,BID232
CID650,BID2334
CID651,BID1666
CID651,BID1777
CID651,BID2563
CID651,BID2745
CID651,BID2925
CID651,BID387
CID652,BID1658
CID652,BID1796
CID652,BID1950
CID652,BID2048
CID652,BID2896
CID653,BID1561
CID653,BID289
CID654,BID2993
CID655,BID1503
CID655,BID2055
CID655,BID2124
CID655,BID2203
CID655,BID2632
CID655,BID2662
CID655,BID370
CID656,BID2420
CID657,BID1797
CID657,BID218
CID658,BID1099
CID658,BID2234
CID658,BID251
CID658,BID2593
CID659,BID1255
CID659,BID1471
CID659,BID1756
CID659,BID2089
CID659,BID2442
CID659,BID751
CID660,BID1478
CID660,BID154
CID660,BID1602
CID660,BID2485
CID661,BID125
CID661,BID1917
CID661,BID2156
CID661,BID2308
CID661,BID2649
CID661,BID2728
CID662,BID139
CID662,BID1767
CID662,BID2069
CID662,BID2192
CID662,BID2409
CID662,BID2716
CID663,BID1499
CID663,BID613
CID664,BID2603
CID664,BID269
CID664,BID3000
CID664,BID594
CID665,BID1893
CID665,BID2233
CID665,BID362
CID666,BID1064
CID667,BID1189
CID667,BID1583
CID667,BID1611
CID667,BID1819
CID667,BID2297
CID667,BID598
CID668,BID1715
CID668,BID2530
CID668,BID614
CID669,BID1067
CID670,BID174
CID670,BID2043
CID670,BID2545
CID670,BID2560
CID670,BID412
CID670,BID65
CID671,BID1500
CID671,BID1879
CID671,BID401
CID672,BID1148
CID672,BID1358
CID672,BID2671
CID672,BID2738
CID672,BID64
CID672,BID919
CID673,BID1127
CID673,BID1668
CID673,BID2021
CID673,BID2566
CID673,BID772
CID674,BID226
CID674,BID255
CID674,BID2569
CID674,BID2576
CID674,BID2697
CID674,BID2991
CID674,BID897
CID675,BID1195
CID675,BID2212
CID675,BID2341
CID676,BID2166
CID676,BID2760
CID676,BID610
CID677,BID1511
CID677,BID245
CID678,BID1178
CID678,BID1512
CID678,BID272
CID678,BID388
CID678,BID676
CID678,BID82
CID679,BID2032
CID679,BID2053
CID679,BID2855
CID679,BID807
CID680,BID1346
CID680,BID574
CID681,BID1247
CID681,BID2214
CID681,BID2401
CID681,BID2518
CID681,BID810
CID682,BID2596
CID682,BID2607
CID683,BID1005
CID683,BID1029
CID683,BID124
CID683,BID150
CID683,BID2474
CID683,BID575
CID683,BID930
CID684,BID2125
CID684,BID2135
CID684,BID2257
CID684,BID2268
CID684,BID2313
CID684,BID2877
CID684,BID730
CID685,BID1214
CID685,BID1574
CID685,BID247
CID685,BID492
CID685,BID606
CID685,BID918
CID686,BID1384
CID686,BID1660
CID687,BID1634
CID688,BID1219
CID688,BID2959
CID688,BID493
CID688,BID84
CID689,BID1116
CID689,BID170
CID689,BID2415
CID689,BID2778
CID689,BID516
CID689,BID73
CID690,BID1771
CID690,BID2530
CID690,BID2928
CID690,BID696
CID691,BID1762
CID691,BID1810
CID691,BID2567
CID691,BID2916
CID691,BID822
CID691,BID968
CID692,BID142
CID692,BID2097
CID692,BID2727
CID692,BID354
CID692,BID479
CID693,BID2227
CID694,BID1833
CID694,BID2136
CID694,BID276
CID694,BID2925
CID694,BID781
CID694,BID873
CID695,BID1078
CID695,BID1425
CID695,BID2569
CID695,BID2571
CID695,BID2596
CID695,BID64
CID696,BID1043
CID696,BID1049
CID696,BID1257
CID696,BID1561
CID696,BID1959
CID696,BID2511
CID696,BID680
CID697,BID2095
CID698,BID1005
CID698,BID1348
CID698,BID1430
CID698,BID1529
CID698,BID2233
CID698,BID436
CID699,BID134
CID699,BID1959
CID699,BID2631
CID699,BID2861
CID700,BID1701
CID700,BID2421
CID700,BID417
CID701,BID1080
CID701,BID1707
CID701,BID585
CID701,BID770
CID702,BID1974
CID702,BID257
CID703,BID1460
CID703,BID2043
CID703,BID2551
CID703,BID938
CID704,BID1054
CID704,BID1297
CID704,BID1916
CID704,BID2533
CID704,BID2593
CID704,BID2615
CID704,BID2666
CID705,BID2491
CID705,BID258
CID705,BID2840
CID706,BID1279
CID706,BID1325
CID706,BID1770
CID706,BID2371
CID706,BID2914
CID707,BID1170
CID707,BID1869
CID707,BID2257
CID707,BID2337
CID707,BID2459
CID708,BID11
CID708,BID1364
CID708,BID1533
CID708,BID1593
CID708,BID2152
CID708,BID365
CID709,BID1231
CID709,BID1233
CID709,BID1749
CID710,BID1145
CID711,BID1226
CID711,BID1415
CID711,BID2333
CID711,BID2896
CID711,BID314
CID711,BID367
CID712,BID1253
CID712,BID128
CID712,BID2225
CID712,BID2490
CID712,BID899
CID712,BID910
CID713,BID2041
CID713,BID2552
CID714,BID2792
CID714,BID33
CID715,BID1479
CID715,BID175
CID715,BID1784
CID715,BID1975
CID715,BID2043
CID716,BID1116
CID717,BID2019
CID717,BID2602
CID717,BID488
CID717,BID865
CID717,BID932
CID718,BID1782
CID718,BID2530
CID718,BID889
CID719,BID1908
CID720,BID1081
CID720,BID1872
CID721,BID1654
CID721,BID2162
CID721,BID2391
CID721,BID2559
CID722,BID1281
CID722,BID2376
CID722,BID271
CID722,BID348
CID722,BID407
CID722,BID599
CID722,BID74
CID723,BID1677
CID723,BID2074
CID723,BID2533
CID723,BID755
CID723,BID76
CID724,BID1056
CID724,BID1791
CID724,BID1994
CID725,BID236
CID726,BID326
CID727,BID1327
CID727,BID1783
CID727,BID2031
CID727,BID2039
CID727,BID298
CID727,BID36
CID727,BID98
CID728,BID1382
CID728,BID2288
CID728,BID2645
CID728,BID2748
CID728,BID2925
CID728,BID2972
CID728,BID696
CID729,BID2079
CID729,BID2696
CID729,BID43
CID729,BID618
CID730,BID1245
CID731,BID2102
CID732,BID2277
CID732,BID2554
CID732,BID2787
CID732,BID989
CID733,BID1121
CID733,BID1362
CID733,BID2057
CID733,BID263
CID733,BID2850
CID733,BID952
CID734,BID2786
CID734,BID2846
CID734,BID728
CID735,BID1777
CID735,BID764
CID736,BID1524
CID736,BID159
CID736,BID160
CID736,BID2013
CID736,BID989
CID737,BID1696
CID738,BID11
CID738,BID2342
CID738,BID2827
CID738,BID2833
CID738,BID805
CID739,BID1920
CID739,BID27
CID739,BID2942
CID740,BID115
CID741,BID1598
CID741,BID1746
CID741,BID1918
CID741,BID245
CID741,BID416
CID741,BID790
CID742,BID1855
CID742,BID1887
CID742,BID1890
CID742,BID191
CID742,BID2425
CID742,BID2897
CID742,BID2964
CID743,BID1323
CID743,BID1471
CID743,BID2227
CID743,BID2625
CID743,BID2863
CID744,BID2248
CID744,BID2304
CID745,BID101
CID745,BID1153
CID745,BID1463
CID745,BID1790
CID745,BID617
CID746,BID1106
CID746,BID1229
CID746,BID1784
CID746,BID2830
CID746,BID316
CID747,BID2568
CID747,BID2856
CID747,BID363
CID748,BID1230
CID748,BID1593
CID749,BID105
CID749,BID2334
CID749,BID261
CID749,BID653
CID750,BID600
CID750,BID655
CID751,BID1540
CID751,BID2891
CID751,BID2970
CID751,BID569
CID752,BID216
CID752,BID2743
CID752,BID2793
CID752,BID306
CID753,BID1512
CID753,BID2009
CID753,BID2446
CID753,BID554
CID754,BID2390
CID754,BID2846
CID755,BID11
CID755,BID1604
CID755,BID2604
CID755,BID355
CID755,BID452
CID756,BID2809
CID756,BID2908
CID756,BID704
CID757,BID1960
CID757,BID2085
CID757,BID2121
CID757,BID2123
CID758,BID1260
CID758,BID2011
CID758,BID2187
CID758,BID2874
CID759,BID203
CID759,BID752
CID760,BID2024
CID760,BID812
CID761,BID31
CID761,BID910
CID761,BID976
CID762,BID1600
CID762,BID988
CID763,BID1135
CID763,BID2265
CID763,BID2866
CID763,BID435
CID764,BID1281
CID764,BID1563
CID764,BID1604
CID764,BID1924
CID764,BID2301
CID764,BID2547
CID764,BID945
CID765,BID1654
CID766,BID2986
CID766,BID78
CID767,BID1001
CID767,BID1087
CID767,BID1933
CID767,BID1939
CID767,BID2299
CID767,BID2952
CID767,BID2983
CID768,BID1496
CID768,BID2179
CID769,BID1205
CID769,BID1530
CID770,BID1115
CID770,BID1208
CID770,BID1345
CID770,BID2034
CID770,BID2261
CID770,BID2269
CID771,BID1010
CID771,BID1115
CID771,BID2322
CID771,BID2593
CID771,BID742
CID771,BID803
CID772,BID604
CID773,BID1251
CID773,BID1593
CID773,BID1653
CID773,BID2306
CID773,BID287
CID774,BID130
CID774,BID179
CID775,BID1125
CID775,BID1326
CID775,BID1558
CID775,BID1797
CID775,BID2929
CID775,BID365
CID775,BID899
CID776,BID1415
CID776,BID1486
CID776,BID612
CID776,BID837
CID776,BID921
CID777,BID1038
CID778,BID1481
CID778,BID410
CID778,BID595
CID779,BID1054
CID779,BID1298
CID779,BID339
CID779,BID696
CID780,BID1970
CID780,BID2157
CID780,BID2560
CID780,BID314
CID780,BID576
CID780,BID6
CID781,BID1295
CID781,BID2227
CID781,BID2625
CID781,BID373
CID781,BID73
CID781,BID880
CID782,BID1036
CID782,BID1305
CID782,BID2813
CID783,BID1366
CID783,BID2014
CID783,BID2081
CID783,BID461
CID784,BID1343
CID785,BID298
CID786,BID187
CID786,BID759
CID786,BID887
CID787,BID1981
CID787,BID2018
CID787,BID2131
CID787,BID610
CID788,BID1502
CID788,BID1968
CID788,BID2052
CID789,BID139
CID789,BID1832
CID789,BID2000
CID789,BID2932
CID789,BID424
CID789,BID650
CID789,BID990
CID790,BID1016
CID790,BID1979
CID790,BID2485
CID790,BID2665
CID790,BID2870
CID790,BID662
CID791,BID1033
CID791,BID1210
CID791,BID1347
CID791,BID1418
CID791,BID2207
CID791,BID32
CID791,BID988
CID792,BID1584
CID792,BID1719
CID792,BID228
CID792,BID2353
CID792,BID2521
CID792,BID2948
CID793,BID1588
CID793,BID2352
CID793,BID2356
CID793,BID722
CID793,BID75
CID794,BID1020
CID794,BID104
CID794,BID1094
CID794,BID320
CID795,BID1413
CID796,BID146
CID796,BID2423
CID797,BID1413
CID797,BID1677
CID797,BID2478
CID797,BID270
CID798,BID154
CID798,BID2156
CID798,BID2644
CID798,BID2681
CID798,BID2789
CID799,BID1166
CID799,BID2273
CID799,BID239
CID799,BID2958
CID799,BID573
CID800,BID2839
CID800,BID857
CID801,BID1262
CID801,BID1399
CID801,BID424
CID801,BID889
CID802,BID2061
CID802,BID2500
CID802,BID2506
CID802,BID320
CID802,BID624
CID803,BID1210
CID803,BID1325
CID803,BID1451
CID803,BID1772
CID803,BID1845
CID803,BID2723
CID804,BID1232
CID804,BID1470
CID804,BID171
CID804,BID1839
CID804,BID2966
CID804,BID786
CID805,BID366
CID806,BID128
CID806,BID1329
CID806,BID207
CID806,BID2513
CID806,BID2594
CID806,BID952
CID807,BID1533
CID807,BID2109
CID807,BID2249
CID807,BID2475
CID808,BID1519
CID808,BID195
CID808,BID1960
CID808,BID2323
CID808,BID2812
CID808,BID32
CID809,BID1031
CID809,BID2212
CID809,BID2449
CID809,BID2606
CID809,BID2628
CID809,BID381
CID809,BID625
CID810,BID258
CID810,BID496
CID810,BID568
CID810,BID692
CID811,BID1001
CID811,BID152
CID811,BID2286
CID811,BID336
CID812,BID1039
CID812,BID2921
CID813,BID1733
CID813,BID2085
CID813,BID2204
CID814,BID390
CID814,BID550
CID815,BID1005
CID815,BID1258
CID815,BID1464
CID815,BID1881
CID815,BID599
CID816,BID107
CID816,BID1242
CID816,BID2193
CID816,BID2715
CID817,BID1088
CID817,BID1537
CID817,BID2140
CID817,BID2205
CID817,BID2579
CID817,BID351
CID817,BID573
CID818,BID2509
CID818,BID818
CID818,BID917
CID819,BID1133
CID819,BID2158
CID819,BID2370
CID819,BID2791
CID819,BID28
CID819,BID927
CID819,BID958
CID820,BID2095
CID820,BID2264
CID820,BID379
CID820,BID680
CID821,BID2212
CID821,BID2472
CID821,BID2510
CID822,BID110
CID822,BID1756
CID823,BID1585
CID823,BID1919
CID823,BID283
CID824,BID1220
CID824,BID2848
CID824,BID65
CID824,BID936
CID825,BID1114
CID825,BID2619
CID825,BID2857
CID825,BID515
CID825,BID543
CID825,BID68
CID825,BID804
CID826,BID2431
CID826,BID2447
CID826,BID2627
CID826,BID2658
CID826,BID5
CID826,BID960
CID827,BID1525
CID827,BID2668
CID827,BID2680
CID827,BID322
CID827,BID540
CID828,BID1429
CID828,BID368
CID829,BID2705
CID829,BID2792
CID830,BID142
CID830,BID2070
CID830,BID2363
CID830,BID2614
CID830,BID720
CID831,BID1288
CID831,BID2578
CID831,BID2639
CID831,BID2864
CID831,BID2921
CID832,BID545
CID832,BID563
CID833,BID1678
CID833,BID1927
CID833,BID2570
CID833,BID728
CID833,BID943
CID834,BID1146
CID834,BID2341
CID834,BID243
CID835,BID2889
CID835,BID522
CID835,BID919
CID836,BID2055
CID836,BID257
CID836,BID2749
CID837,BID1774
CID837,BID2449
CID837,BID2497
CID837,BID468
CID837,BID575
CID837,BID831
CID837,BID901
CID838,BID1777
CID838,BID2060
CID838,BID2211
CID838,BID2741
CID838,BID288
CID838,BID984
CID839,BID790
CID839,BID854
CID840,BID1171
CID840,BID1876
CID840,BID2721
CID840,BID314
CID840,BID733
CID841,BID1181
CID841,BID1405
CID841,BID2000
CID841,BID2060
CID841,BID55
CID841,BID687
CID841,BID928
CID842,BID1044
CID843,BID1943
CID843,BID2732
CID843,BID2826
CID843,BID397
CID843,BID675
CID844,BID1259
CID844,BID1860
CID844,BID1952
CID844,BID335
CID845,BID1478
CID845,BID1499
CID845,BID1696
CID845,BID237
CID845,BID2798
CID845,BID748
CID846,BID1357
CID846,BID1442
CID846,BID2102
CID846,BID2738
CID846,BID2856
CID846,BID353
CID846,BID455
CID847,BID1531
CID847,BID1892
CID847,BID2802
CID847,BID407
CID848,BID1367
CID848,BID1845
CID848,BID334
CID848,BID348
CID848,BID84
CID849,BID1513
CID849,BID2415
CID849,BID2541
CID849,BID2648
CID850,BID2667
CID850,BID277
CID850,BID2897
CID851,BID1030
CID851,BID1871
CID851,BID2672
CID851,BID276
CID851,BID678
CID851,BID835
CID852,BID1993
CID852,BID2022
CID852,BID2385
CID852,BID2395
CID852,BID2892
CID852,BID2961
CID853,BID2083
CID853,BID2318
CID853,BID2670
CID853,BID346
CID853,BID78
CID853,BID936
CID854,BID1357
CID854,BID1709
CID854,BID1903
CID854,BID2900
CID854,BID620
CID854,BID635
CID855,BID12
CID856,BID1747
CID856,BID557
CID857,BID1521
CID857,BID2643
CID857,BID2897
CID857,BID2937
CID857,BID574
CID858,BID12
CID858,BID1257
CID858,BID1838
CID859,BID1364
CID859,BID138
CID859,BID1576
CID859,BID1927
CID859,BID2464
CID859,BID571
CID859,BID667
CID860,BID1198
CID860,BID2284
CID860,BID2914
CID860,BID63
CID861,BID1813
CID861,BID1863
CID861,BID2255
CID861,BID2964
CID861,BID512
CID862,BID1020
CID862,BID164
CID862,BID1826
CID862,BID1885
CID862,BID243
CID862,BID690
CID863,BID1828
CID863,BID2666
CID864,BID1175
CID864,BID2372
CID865,BID1037
CID865,BID1049
CID865,BID1074
CID865,BID1232
CID865,BID1436
CID865,BID2425
CID865,BID929
CID866,BID1365
CID866,BID150
CID866,BID2222
CID867,BID2031
CID867,BID2047
CID867,BID2561
CID867,BID2789
CID867,BID328
CID867,BID748
CID868,BID1433
CID868,BID2182
CID868,BID2383
CID868,BID2933
CID868,BID364
CID868,BID868
CID869,BID2120
CID869,BID2157
CID869,BID2698
CID869,BID39
CID870,BID1501
CID870,BID1664
CID870,BID173
CID870,BID1832
CID870,BID2014
CID870,BID79
CID870,BID816
CID871,BID1082
CID871,BID1241
CID871,BID1373
CID871,BID1783
CID871,BID18
CID871,BID2366
CID872,BID1392
CID872,BID1489
CID872,BID2
CID872,BID2592
CID872,BID342
CID872,BID381
CID872,BID605
CID873,BID1314
CID873,BID1419
CID873,BID1508
CID873,BID1583
CID873,BID1715
CID873,BID1924
CID874,BID1218
CID874,BID1625
CID874,BID2797
CID874,BID2836
CID874,BID2978
CID875,BID2129
CID875,BID248
CID876,BID226
CID876,BID2357
CID876,BID2690
CID876,BID456
CID876,BID794
CID876,BID934
CID877,BID2013
CID877,BID2276
CID877,BID2507
CID877,BID2961
CID877,BID563
CID878,BID1570
CID878,BID2792
CID878,BID341
CID878,BID85
CID879,BID1265
CID879,BID2107
CID879,BID2747
CID879,BID935
CID880,BID1163
CID880,BID1278
CID880,BID1634
CID880,BID1732
CID880,BID88
CID881,BID187
CID881,BID1928
CID881,BID2187
CID881,BID2682
CID881,BID308
CID882,BID1152
CID882,BID1518
CID882,BID1712
CID882,BID2277
CID882,BID2378
CID882,BID824
CID883,BID1072
CID883,BID2717
CID883,BID2725
CID883,BID2823
CID883,BID2906
CID883,BID325
CID883,BID952
CID884,BID1162
CID884,BID1221
CID884,BID1992
CID884,BID2080
CID884,BID35
CID885,BID1645
CID885,BID1882
CID885,BID1920
CID885,BID2010
CID885,BID2419
CID885,BID992
CID886,BID1361
CID886,BID1859
CID886,BID2025
CID886,BID2372
CID886,BID2603
CID886,BID999
CID887,BID1008
CID887,BID1205
CID887,BID1552
CID887,BID1603
CID887,BID2940
CID888,BID1624
CID888,BID1759
CID888,BID2093
CID888,BID2926
CID888,BID483
CID888,BID743
CID889,BID1146
CID889,BID1325
CID889,BID2074
CID889,BID2087
CID890,BID1000
CID890,BID1288
CID890,BID253
CID890,BID2971
CID890,BID65
CID891,BID1765
CID891,BID566
CID892,BID1329
CID892,BID1555
CID892,BID1648
CID892,BID2075
CID892,BID230
CID892,BID52
CID892,BID895
CID893,BID1355
CID893,BID1622
CID893,BID345
CID894,BID996
CID895,BID1233
CID895,BID196
CID895,BID2152
CID895,BID2763
CID895,BID304
CID896,BID1001
CID896,BID1304
CID896,BID2399
CID896,BID45
CID896,BID73
CID896,BID751
CID897,BID1733
CID897,BID2036
CID897,BID2061
CID897,BID2217
CID897,BID952
CID898,BID1062
CID898,BID1329
CID898,BID1741
CID898,BID2282
CID898,BID2496
CID899,BID1476
CID899,BID1531
CID899,BID2379
CID899,BID2984
CID899,BID322
CID899,BID675
CID900,BID1665
CID900,BID1869
CID900,BID2603
CID900,BID2884
CID900,BID2898
CID900,BID2937
CID901,BID1528
CID901,BID1985
CID901,BID2557
CID901,BID2576
CID901,BID2820
CID902,BID1660
CID903,BID1168
CID903,BID1512
CID903,BID383
CID903,BID604
CID903,BID786
CID903,BID917
CID904,BID1180
CID904,BID1307
CID904,BID16
CID904,BID2949
CID904,BID331
CID905,BID1437
CID905,BID164
CID905,BID2634
CID905,BID413
CID906,BID2110
CID906,BID2484
CID906,BID2673
CID907,BID1328
CID907,BID1786
CID907,BID2815
CID907,BID530
CID908,BID1079
CID908,BID177
CID908,BID1785
CID909,BID1137
CID910,BID2429
CID910,BID575
CID911,BID2049
CID911,BID483
CID912,BID1064
CID912,BID22
CID912,BID2540
CID912,BID971
CID913,BID1072
CID913,BID1073
CID913,BID328
CID913,BID489
CID913,BID542
CID913,BID644
CID914,BID390
CID914,BID465
CID915,BID1188
CID915,BID2312
CID915,BID2841
CID915,BID555
CID915,BID692
CID915,BID824
CID915,BID88
CID916,BID1644
CID916,BID2421
CID917,BID1035
CID917,BID1168
CID917,BID129
CID918,BID1874
CID918,BID2471
CID919,BID116
CID920,BID1100
CID920,BID178
CID920,BID1930
CID920,BID2192
CID920,BID2450
CID920,BID2881
CID920,BID604
CID921,BID409
CID922,BID1840
CID922,BID426
CID922,BID549
CID923,BID1343
CID923,BID1372
CID923,BID1378
CID923,BID2109
CID923,BID2273
CID923,BID370
CID923,BID620
CID924,BID2727
CID924,BID754
CID925,BID1298
CID925,BID1441
CID925,BID2302
CID925,BID2797
CID925,BID543
CID925,BID990
CID926,BID1238
CID926,BID1274
CID926,BID1746
CID926,BID1833
CID926,BID1834
CID926,BID398
CID926,BID941
CID927,BID1319
CID927,BID2830
CID927,BID286
CID927,BID729
CID928,BID1470
CID928,BID1839
CID928,BID2380
CID928,BID2585
CID928,BID447
CID929,BID1165
CID929,BID1619
CID929,BID2538
CID929,BID2634
CID929,BID55
CID930,BID1328
CID930,BID2743
CID930,BID299
CID930,BID375
CID930,BID610
CID931,BID160
CID931,BID2005
CID931,BID935
CID932,BID1204
CID932,BID216
CID932,BID860
CID933,BID1066
CID933,BID1287
CID933,BID2296
CID933,BID2321
CID933,BID2511
CID933,BID2772
CID933,BID280
CID934,BID1009
CID934,BID2607
CID934,BID2958
CID934,BID698
CID935,BID107
CID935,BID2012
CID935,BID337
CID936,BID1101
CID936,BID1230
CID936,BID1340
CID936,BID347
CID936,BID379
CID936,BID555
CID937,BID1554
CID938,BID2421
CID938,BID298
CID938,BID2980
CID938,BID652
CID938,BID969
CID939,BID1091
CID939,BID2389
CID939,BID2537
CID939,BID2918
CID939,BID427
CID940,BID1373
CID940,BID1428
CID941,BID1079
CID941,BID1095
CID941,BID2036
CID941,BID2731
CID941,BID464
CID942,BID1240
CID942,BID1481
CID942,BID2402
CID942,BID2655
CID942,BID353
CID943,BID1920
CID943,BID941
CID944,BID1678
CID944,BID2239
CID944,BID2638
CID944,BID2777
CID944,BID88
CID945,BID1290
CID945,BID1920
CID945,BID2249
CID945,BID844
CID946,BID1903
CID946,BID2107
CID946,BID2372
CID946,BID256
CID946,BID2706
CID946,BID292
CID946,BID520
CID947,BID1506
CID947,BID1800
CID947,BID2015
CID947,BID2870
CID947,BID439
CID947,BID689
CID947,BID744
CID948,BID1432
CID948,BID1951
CID948,BID2144
CID948,BID2571
CID948,BID361
CID948,BID449
CID948,BID906
CID949,BID1380
CID949,BID1887
CID949,BID2473
CID949,BID2557
CID949,BID2831
CID949,BID2953
CID950,BID1379
CID950,BID1669
CID950,BID246
CID950,BID446
CID951,BID1111
CID951,BID1230
CID951,BID127
CID951,BID1334
CID951,BID1429
CID951,BID603
CID951,BID947
CID952,BID1892
CID952,BID2895
CID952,BID2961
CID952,BID41
CID952,BID816
CID953,BID1163
CID953,BID1882
CID953,BID1900
CID953,BID1958
CID953,BID2070
CID953,BID2312
CID954,BID1450
CID954,BID2201
CID954,BID2620
CID954,BID2895
CID954,BID528
CID954,BID729
CID954,BID903
CID955,BID1396
CID955,BID2150
CID955,BID2829
CID955,BID65
CID956,BID1084
CID956,BID2418
CID956,BID2537
CID957,BID472
CID958,BID1260
CID958,BID2426
CID958,BID2830
CID958,BID315
CID958,BID461
CID958,BID562
CID958,BID813
CID959,BID2258
CID959,BID2584
CID959,BID2955
CID959,BID296
CID959,BID335
CID959,BID400
CID960,BID2237
CID960,BID2707
CID960,BID2726
CID960,BID2917
CID960,BID919
CID961,BID1157
CID961,BID122
CID961,BID2441
CID961,BID2519
CID961,BID2741
CID961,BID2857
CID961,BID873
CID962,BID1233
CID962,BID1345
CID962,BID2743
CID963,BID1068
CID963,BID1477
CID963,BID1834
CID963,BID236
CID963,BID988
CID964,BID1675
CID964,BID1844
CID964,BID2658
CID964,BID547
CID964,BID853
CID965,BID2014
CID966,BID2282
CID966,BID2658
CID967,BID1055
CID967,BID126
CID967,BID2051
CID967,BID2501
CID968,BID1005
CID968,BID1365
CID968,BID1508
CID968,BID1803
CID968,BID2212
CID968,BID823
CID969,BID2374
CID970,BID1764
CID970,BID1798
CID970,BID1928
CID970,BID2457
CID970,BID641
CID971,BID1256
CID971,BID1490
CID971,BID2005
CID971,BID2851
CID971,BID671
CID971,BID755
CID971,BID810
CID972,BID1178
CID972,BID1395
CID972,BID1957
CID972,BID2130
CID972,BID248
CID972,BID2694
CID973,BID1009
CID973,BID130
CID973,BID1917
CID973,BID2054
CID973,BID2787
CID973,BID683
CID974,BID2157
CID974,BID2551
CID974,BID2658
CID974,BID552
CID975,BID1020
CID975,BID1165
CID975,BID1366
CID975,BID2360
CID975,BID551
CID976,BID102
CID976,BID174
CID976,BID2261
CID976,BID512
CID977,BID1229
CID977,BID1443
CID977,BID1761
CID977,BID2597
CID978,BID1296
CID978,BID2550
CID978,BID2587
CID978,BID2689
CID978,BID2754
CID978,BID2798
CID978,BID2989
CID979,BID1999
CID979,BID213
CID979,BID2706
CID979,BID2807
CID979,BID2922
CID979,BID916
CID980,BID2302
CID980,BID2513
CID980,BID98
CID981,BID1155
CID981,BID1550
CID981,BID2306
CID981,BID2529
CID981,BID303
CID981,BID568
CID982,BID1450
CID982,BID2205
CID982,BID2236
CID982,BID2697
CID982,BID794
CID983,BID1234
CID984,BID1507
CID984,BID1719
CID984,BID273
CID984,BID371
CID984,BID610
CID985,BID2033
CID985,BID217
CID986,BID2128
CID986,BID2690
CID986,BID620
CID986,BID774
CID986,BID961
CID986,BID997
CID987,BID1388
CID987,BID2977
CID988,BID1592
CID988,BID1821
CID988,BID2824
CID988,BID736
CID988,BID912
CID989,BID1101
CID989,BID2015
CID989,BID2663
CID989,BID2928
CID990,BID1600
CID990,BID2306
CID990,BID2562
CID991,BID701
CID992,BID1694
CID992,BID1711
CID992,BID2265
CID992,BID2774
CID992,BID2871
CID992,BID686
CID992,BID989
CID993,BID2900
CID994,BID1954
CID994,BID2183
CID994,BID2511
CID994,BID2591
CID995,BID1497
CID995,BID1758
CID995,BID2035
CID995,BID2583
CID995,BID2626
CID995,BID2658
CID995,BID964
CID996,BID923
CID997,BID1829
CID998,BID2343
CID999,BID1122
CID999,BID1660
CID999,BID1792
CID999,BID2749
CID999,BID932
CID1000,BID1144
CID1000,BID1197
CID1000,BID2332
CID1000,BID67
CID1000,BID878
CID1000,BID976
CID1001,BID1629
CID1001,BID1735
CID1001,BID2083
CID1001,BID2572
CID1001,BID579
CID1002,BID1634
CID1002,BID2555
CID1003,BID1171
CID1003,BID1825
CID1003,BID1986
CID1004,BID261
CID1005,BID2105
CID1006,BID1229
CID1006,BID2087
CID1007,BID1039
CID1007,BID2212
CID1007,BID23
CID1007,BID2522
CID1007,BID466
CID1007,BID677
CID1007,BID977
CID1008,BID2359
CID1008,BID2417
CID1008,BID672
CID1009,BID116
CID1009,BID1385
CID1009,BID1550
CID1009,BID1871
CID1009,BID2643
CID1009,BID937
CID1010,BID2191
CID1010,BID2282
CID1010,BID2530
CID1010,BID2861
CID1010,BID532
CID1010,BID597
CID1011,BID1346
CID1011,BID1490
CID1011,BID1666
CID1011,BID1726
CID1011,BID2739
CID1011,BID997
CID1012,BID1098
CID1012,BID193
CID1012,BID2484
CID1012,BID2608
CID1012,BID2917
CID1012,BID586
CID1012,BID910
CID1013,BID1744
CID1013,BID182
CID1014,BID1012
CID1015,BID1347
CID1015,BID14
CID1015,BID2995
CID1015,BID943
CID1016,BID1286
CID1016,BID2412
CID1016,BID2642
CID1016,BID2956
CID1016,BID654
CID1016,BID7
CID1017,BID1201
CID1017,BID1931
CID1017,BID958
CID1018,BID1429
CID1018,BID1594
CID1018,BID1911
CID1018,BID2103
CID1018,BID2723
CID1018,BID901
CID1019,BID2255
CID1019,BID527
CID1020,BID3
CID1020,BID537
CID1021,BID1486
CID1021,BID2134
CID1021,BID2402
CID1021,BID641
CID1022,BID1472
CID1022,BID1811
CID1022,BID2001
CID1022,BID61
CID1023,BID1109
CID1023,BID1670
CID1023,BID2207
CID1023,BID2907
CID1023,BID2908
CID1024,BID2232
CID1025,BID2239
CID1025,BID2400
CID1025,BID2726
CID1026,BID125
CID1026,BID1494
CID1026,BID654
CID1026,BID928
CID1027,BID1141
CID1027,BID1647
CID1027,BID471
CID1028,BID1957
CID1028,BID2908
CID1028,BID457
CID1029,BID1263
CID1029,BID155
CID1029,BID1990
CID1029,BID2900
CID1029,BID2951
CID1029,BID842
CID1030,BID2365
CID1031,BID1628
CID1031,BID731
CID1031,BID932
CID1032,BID1240
CID1032,BID558
CID1032,BID931
CID1032,BID992
CID1033,BID522
CID1033,BID921
CID1034,BID2798
CID1035,BID1874
CID1035,BID2086
CID1035,BID2513
CID1035,BID463
CID1036,BID2377
CID1036,BID913
CID1037,BID138
CID1037,BID1400
CID1037,BID2099
CID1037,BID249
CID1037,BID2941
CID1037,BID377
CID1038,BID2319
CID1039,BID1045
CID1039,BID1330
CID1039,BID1850
CID1039,BID187
CID1039,BID2068
CID1040,BID2303
CID1041,BID1016
CID1041,BID1609
CID1041,BID2632
CID1041,BID2919
CID1041,BID665
CID1041,BID791
CID1041,BID831
CID1042,BID2579
CID1042,BID483
CID1042,BID533
CID1042,BID57
CID1043,BID1422
CID1043,BID161
CID1043,BID283
CID1043,BID578
CID1043,BID913
CID1043,BID933
CID1044,BID2876
CID1044,BID373
CID1044,BID942
CID1045,BID2427
CID1046,BID1359
CID1046,BID1427
CID1046,BID2841
CID1047,BID1155
CID1047,BID2815
CID1047,BID635
CID1048,BID1091
CID1048,BID1699
CID1048,BID2031
CID1048,BID2091
CID1048,BID626
CID1048,BID698
CID1048,BID810
CID1049,BID1503
CID1049,BID1606
CID1049,BID2860
CID1049,BID6
CID1049,BID711
CID1050,BID256
CID1051,BID1748
CID1051,BID2464
CID1051,BID2688
CID1051,BID2947
CID1051,BID364
CID1051,BID715
CID1052,BID1587
CID1053,BID1167
CID1053,BID1419
CID1053,BID1717
CID1053,BID1852
CID1053,BID2790
CID1053,BID332
CID1053,BID843
CID1054,BID1647
CID1055,BID511
CID1056,BID1024
CID1056,BID1835
CID1056,BID2617
CID1056,BID267
CID1057,BID2331
CID1057,BID2377
CID1057,BID464
CID1057,BID594
CID1058,BID1518
CID1058,BID1612
CID1058,BID1665
CID1058,BID3
CID1058,BID307
CID1058,BID604
CID1059,BID1071
CID1059,BID1127
CID1059,BID2148
CID1059,BID2220
CID1059,BID385
CID1059,BID640
CID1060,BID1001
CID1060,BID1090
CID1060,BID2126
CID1060,BID308
CID1060,BID370
CID1060,BID915
CID1061,BID1868
CID1062,BID1408
CID1062,BID1675
CID1062,BID2381
CID1062,BID2493
CID1062,BID2699
CID1062,BID648
CID1062,BID963
CID1063,BID1583
CID1063,BID1599
CID1064,BID131
CID1064,BID2137
CID1064,BID2347
CID1064,BID2367
CID1065,BID1168
CID1065,BID1200
CID1065,BID146
CID1065,BID1725
CID1065,BID2867
CID1065,BID67
CID1065,BID98
CID1066,BID1396
CID1066,BID1405
CID1066,BID1557
CID1066,BID2238
CID1066,BID2681
CID1066,BID2710
CID1067,BID100
CID1067,BID1318
CID1067,BID1512
CID1067,BID2009
CID1067,BID2758
CID1068,BID89
CID1069,BID1944
CID1069,BID2825
CID1069,BID531
CID1069,BID813
CID1069,BID947
CID1070,BID1458
CID1070,BID2577
CID1070,BID44
CID1071,BID1122
CID1071,BID582
CID1071,BID618
CID1071,BID851
CID1072,BID1086
CID1072,BID2788
CID1072,BID2823
CID1072,BID564
CID1073,BID341
CID1073,BID528
CID1073,BID63
CID1074,BID1396
CID1074,BID1539
CID1074,BID1834
CID1074,BID227
CID1074,BID847
CID1074,BID892
CID1075,BID1387
CID1075,BID1392
CID1075,BID1415
CID1075,BID2036
CID1075,BID609
CID1076,BID1146
CID1076,BID1544
CID1076,BID2032
CID1076,BID2352
CID1077,BID1039
CID1077,BID1698
CID1077,BID2089
CID1077,BID2421
CID1077,BID2601
CID1077,BID743
CID1078,BID1178
CID1078,BID139
CID1078,BID180
CID1078,BID1824
CID1078,BID1918
CID1079,BID1289
CID1080,BID1350
CID1080,BID2320
CID1080,BID791
CID1081,BID1351
CID1081,BID165
CID1081,BID2012
CID1081,BID2822
CID1081,BID2875
CID1081,BID392
CID1081,BID872
CID1082,BID687
CID1082,BID703
CID1083,BID2539
CID1083,BID2854
CID1084,BID408
CID1085,BID1290
CID1085,BID2192
CID1085,BID2455
CID1085,BID370
CID1086,BID1077
CID1086,BID431
CID1087,BID2072
CID1087,BID751
CID1088,BID1216
CID1088,BID219
CID1088,BID2457
CID1088,BID455
CID1089,BID1469
CID1089,BID763
CID1090,BID124
CID1090,BID1724
CID1090,BID1896
CID1090,BID2321
CID1090,BID2416
CID1090,BID2789
CID1090,BID2845
CID1091,BID1165
CID1091,BID1346
CID1091,BID183
CID1091,BID2662
CID1091,BID2708
CID1091,BID2818
CID1091,BID612
CID1092,BID1249
CID1092,BID2310
CID1092,BID2331
CID1093,BID2927
CID1093,BID431
CID1093,BID941
CID1093,BID95
CID1094,BID1232
CID1094,BID2628
CID1094,BID2824
CID1095,BID1015
CID1095,BID1912
CID1095,BID734
CID1096,BID2364
CID1096,BID2474
CID1096,BID2688
CID1097,BID1085
CID1097,BID435
CID1098,BID2238
CID1098,BID470
CID1098,BID86
CID1099,BID1766
CID1100,BID1935
CID1100,BID206
CID1100,BID2183
CID1100,BID2623
CID1100,BID2933
CID1100,BID327
CID1100,BID985
CID1101,BID1618
CID1101,BID2816
CID1101,BID2947
CID1102,BID2496
CID1102,BID2618
CID1102,BID98
CID1103,BID1540
CID1104,BID1197
CID1104,BID1937
CID1104,BID800
CID1105,BID1344
CID1105,BID1628
CID1105,BID1805
CID1105,BID2078
CID1105,BID2694
CID1105,BID2934
CID1105,BID599
CID1106,BID1379
CID1106,BID1594
CID1106,BID2331
CID1106,BID2791
CID1106,BID637
CID1107,BID2577
CID1108,BID366
CID1108,BID627
CID1109,BID1621
CID1109,BID1699
CID1109,BID2090
CID1109,BID2231
CID1109,BID2335
CID1109,BID2497
CID1110,BID2661
CID1110,BID292
CID1111,BID2590
CID1111,BID2886
CID1111,BID349
CID1111,BID381
CID1111,BID726
CID1111,BID955
CID1112,BID730
CID1112,BID91
CID1112,BID989
CID1113,BID188
CID1113,BID1964
CID1113,BID2184
CID1113,BID2622
CID1113,BID2832
CID1113,BID2895
CID1114,BID1108
CID1114,BID408
CID1114,BID900
CID1115,BID1465
CID1115,BID164
CID1115,BID301
CID1115,BID326
CID1115,BID351
CID1115,BID500
CID1115,BID541
CID1116,BID1492
CID1116,BID169
CID1116,BID74
CID1117,BID1390
CID1118,BID166
CID1118,BID2477
CID1118,BID274
CID1118,BID2857
CID1118,BID819
CID1118,BID984
CID1119,BID2450
CID1119,BID2543
CID1120,BID1516
CID1120,BID2537
CID1120,BID817
CID1121,BID1419
CID1121,BID1841
CID1121,BID1894
CID1121,BID1997
CID1121,BID2282
CID1121,BID2803
CID1121,BID426
CID1122,BID14
CID1122,BID2350
CID1122,BID2457
CID1122,BID2859
CID1122,BID750
CID1122,BID848
CID1122,BID906
CID1123,BID2605
CID1123,BID2749
CID1123,BID31
CID1123,BID529
CID1123,BID935
CID1124,BID2443
CID1124,BID2593
CID1124,BID2914
CID1124,BID502
CID1125,BID1309
CID1125,BID2014
CID1126,BID1797
CID1126,BID2498
CID1126,BID2598
CID1126,BID95
CID1127,BID1494
CID1127,BID1805
CID1127,BID1887
CID1127,BID2519
CID1127,BID2674
CID1127,BID752
CID1128,BID1508
CID1128,BID2278
CID1128,BID2990
CID1129,BID481
CID1129,BID898
CID1129,BID993
CID1130,BID1769
CID1130,BID1823
CID1130,BID2032
CID1130,BID2422
CID1130,BID2629
CID1130,BID2653
CID1131,BID2688
CID1131,BID2874
CID1131,BID411
CID1131,BID485
CID1131,BID491
CID1131,BID988
CID1132,BID1064
CID1132,BID1996
CID1132,BID2478
CID1132,BID2587
CID1133,BID1133
CID1133,BID1198
CID1133,BID1332
CID1133,BID2420
CID1133,BID708
CID1133,BID95
CID1134,BID1832
CID1134,BID308
CID1135,BID2079
CID1135,BID2083
CID1135,BID2336
CID1135,BID2664
CID1135,BID2730
CID1135,BID695
CID1135,BID962
CID1136,BID1013
CID1136,BID1080
CID1136,BID167
CID1136,BID1753
CID1136,BID2439
CID1136,BID2866
CID1136,BID57
CID1137,BID1515
CID1137,BID431
CID1138,BID1156
CID1138,BID1174
CID1138,BID1688
CID1138,BID2787
CID1138,BID2968
CID1138,BID433
CID1138,BID885
CID1139,BID1184
CID1139,BID2200
CID1139,BID2343
CID1139,BID2349
CID1139,BID2965
CID1139,BID876
CID1139,BID886
CID1140,BID2539
CID1140,BID2829
CID1140,BID2887
CID1140,BID407
CID1140,BID430
CID1141,BID2595
CID1142,BID1849
CID1142,BID1947
CID1142,BID519
CID1142,BID6
CID1143,BID1683
CID1143,BID65
CID1144,BID1177
CID1144,BID1536
CID1144,BID1951
CID1144,BID2452
CID1145,BID1552
CID1146,BID1052
CID1146,BID1722
CID1146,BID1915
CID1146,BID589
CID1146,BID786
CID1146,BID962
CID1147,BID1505
CID1147,BID2425
CID1147,BID2768
CID1147,BID2990
CID1148,BID1109
CID1148,BID2769
CID1149,BID1208
CID1149,BID1683
CID1149,BID71
CID1149,BID935
CID1150,BID1025
CID1150,BID2191
CID1150,BID2290
CID1150,BID2686
CID1150,BID2737
CID1150,BID2795
CID1151,BID1677
CID1151,BID2189
CID1151,BID2394
CID1151,BID2539
CID1151,BID521
CID1152,BID1339
CID1152,BID1436
CID1152,BID2100
CID1152,BID218
CID1152,BID2670
CID1152,BID910
CID1153,BID1868
CID1154,BID154
CID1154,BID2337
CID1154,BID284
CID1154,BID58
CID1154,BID707
CID1154,BID849
CID1155,BID1062
CID1155,BID1671
CID1156,BID1094
CID1156,BID1262
CID1156,BID1679
CID1156,BID1836
CID1156,BID2149
CID1156,BID2167
CID1156,BID2248
CID1157,BID1469
CID1157,BID1506
CID1157,BID1962
CID1157,BID859
CID1158,BID1028
CID1158,BID1198
CID1158,BID1306
CID1158,BID2200
CID1158,BID238
CID1159,BID1590
CID1159,BID1978
CID1159,BID2340
CID1159,BID2387
CID1159,BID696
CID1160,BID1638
CID1160,BID1690
CID1160,BID1875
CID1160,BID2016
CID1160,BID2439
CID1160,BID329
CID1161,BID1402
CID1161,BID1499
CID1161,BID1523
CID1161,BID2778
CID1161,BID822
CID1162,BID2987
CID1162,BID79
CID1163,BID1607
CID1163,BID2103
CID1163,BID2645
CID1163,BID2822
CID1163,BID952
CID1164,BID1205
CID1164,BID1249
CID1164,BID2582
CID1164,BID2732
CID1164,BID305
CID1164,BID914
CID1165,BID2127
CID1166,BID1838
CID1166,BID2158
CID1166,BID2201
CID1166,BID2361
CID1166,BID2730
CID1166,BID2870
CID1167,BID993
CID1168,BID1172
CID1168,BID1728
CID1168,BID1939
CID1168,BID2487
CID1168,BID2806
CID1168,BID2968
CID1169,BID1674
CID1169,BID1875
CID1170,BID1648
CID1170,BID2194
CID1170,BID2290
CID1170,BID2746
CID1170,BID700
CID1171,BID2372
CID1172,BID2661
CID1172,BID2735
CID1172,BID702
CID1172,BID792
CID1173,BID1787
CID1173,BID2078
CID1173,BID922
CID1174,BID789
CID1175,BID2310
CID1175,BID2507
CID1175,BID2682
CID1175,BID2683
CID1176,BID1232
CID1176,BID1235
CID1176,BID150
CID1176,BID2167
CID1176,BID2222
CID1176,BID2707
CID1176,BID930
CID1177,BID1140
CID1177,BID143
CID1177,BID145
CID1177,BID1757
CID1177,BID1820
CID1177,BID316
CID1177,BID921
CID1178,BID16
CID1178,BID1794
CID1178,BID1798
CID1178,BID1979
CID1178,BID2141
CID1178,BID2614
CID1178,BID889
CID1179,BID102
CID1179,BID1438
CID1179,BID2245
CID1179,BID244
CID1179,BID959
CID1180,BID496
CID1181,BID1515
CID1182,BID102
CID1182,BID1097
CID1182,BID1338
CID1182,BID1758
CID1182,BID1854
CID1182,BID441
CID1183,BID1345
CID1183,BID270
CID1184,BID345
CID1184,BID70
CID1185,BID1051
CID1185,BID1416
CID1185,BID1512
CID1185,BID190
CID1185,BID1928
CID1186,BID1425
CID1186,BID2734
CID1186,BID354
CID1187,BID2576
CID1188,BID1230
CID1188,BID2311
CID1188,BID2855
CID1188,BID479
CID1188,BID541
CID1189,BID1177
CID1189,BID1467
CID1189,BID2171
CID1189,BID2337
CID1189,BID235
CID1189,BID327
CID1189,BID385
CID1190,BID1001
CID1190,BID1024
CID1190,BID1973
CID1191,BID1843
CID1191,BID646
CID1191,BID911
CID1192,BID1793
CID1192,BID2317
CID1193,BID1553
CID1193,BID249
CID1193,BID2501
CID1193,BID420
CID1193,BID504
CID1193,BID727
CID1193,BID774
CID1194,BID1463
CID1194,BID1865
CID1194,BID1896
CID1194,BID2362
CID1194,BID510
CID1195,BID1044
CID1195,BID1226
CID1195,BID1510
CID1195,BID16
CID1195,BID2590
CID1195,BID2817
CID1195,BID903
CID1196,BID1611
CID1196,BID1624
CID1196,BID2615
CID1196,BID264
CID1196,BID2676
CID1196,BID714
CID1197,BID1232
CID1197,BID2250
CID1197,BID648
CID1197,BID722
CID1198,BID1245
CID1198,BID401
CID1198,BID701
CID1199,BID2494
CID1200,BID2497
CID1201,BID1180
CID1201,BID1913
CID1201,BID740
CID1202,BID1514
CID1203,BID1127
CID1203,BID2251
CID1204,BID1457
CID1204,BID2717
CID1204,BID3000
CID1205,BID1052
CID1206,BID1813
CID1207,BID2625
CID1207,BID41
CID1208,BID2838
CID1209,BID1168
CID1209,BID1502
CID1209,BID2043
CID1209,BID226
CID1209,BID2429
CID1209,BID2619
CID1210,BID1264
CID1210,BID815
CID1211,BID1769
CID1211,BID828
CID1212,BID1152
CID1212,BID1324
CID1212,BID1618
CID1212,BID2156
CID1212,BID2658
CID1212,BID2948
CID1212,BID2971
CID1213,BID545
CID1214,BID1222
CID1214,BID1746
CID1214,BID2570
CID1214,BID60
CID1214,BID66
CID1215,BID1121
CID1215,BID1817
CID1215,BID2380
CID1215,BID249
CID1215,BID780
CID1216,BID1505
CID1216,BID1739
CID1216,BID1959
CID1216,BID1998
CID1216,BID2571
CID1216,BID2679
CID1216,BID402
CID1217,BID2035
CID1217,BID26
CID1217,BID2695
CID1217,BID2769
CID1217,BID311
CID1217,BID45
CID1218,BID1642
CID1219,BID1026
CID1219,BID2795
CID1219,BID446
CID1220,BID1618
CID1220,BID291
CID1220,BID538
CID1221,BID1152
CID1221,BID935
CID1222,BID2349
CID1222,BID2394
CID1222,BID570
CID1223,BID1287
CID1223,BID2213
CID1223,BID2520
CID1223,BID276
CID1224,BID2186
CID1224,BID404
CID1224,BID555
CID1225,BID1386
CID1225,BID1950
CID1225,BID1953
CID1225,BID2862
CID1225,BID412
CID1226,BID1157
CID1226,BID2190
CID1226,BID390
CID1226,BID397
CID1227,BID391
CID1227,BID528
CID1228,BID1887
CID1228,BID2008
CID1228,BID267
CID1228,BID2674
CID1228,BID2710
CID1228,BID536
CID1228,BID98
CID1229,BID1381
CID1229,BID2034
CID1229,BID2369
CID1230,BID1601
CID1230,BID2307
CID1230,BID2463
CID1230,BID2749
CID1230,BID2764
CID1230,BID635
CID1230,BID821
CID1231,BID1301
CID1231,BID1393
CID1231,BID1443
CID1231,BID1698
CID1231,BID2055
CID1232,BID1323
CID1232,BID2351
CID1232,BID2652
CID1232,BID2821
CID1232,BID735
CID1233,BID1100
CID1233,BID168
CID1233,BID1696
CID1233,BID1918
CID1233,BID2746
CID1233,BID2910
CID1233,BID368
CID1234,BID118
CID1234,BID1298
CID1234,BID1421
CID1234,BID1501
CID1234,BID1704
CID1234,BID2358
CID1234,BID860
CID1235,BID1146
CID1235,BID1911
CID1235,BID2005
CID1235,BID2193
CID1235,BID2242
CID1236,BID100
CID1236,BID1464
CID1236,BID2535
CID1236,BID335
CID1237,BID1231
CID1237,BID1245
CID1237,BID2813
CID1237,BID285
CID1237,BID436
CID1238,BID1853
CID1238,BID669
CID1239,BID16
CID1239,BID2255
CID1239,BID2475
CID1239,BID2604
CID1239,BID362
CID1239,BID48
CID1239,BID906
CID1240,BID2318
CID1240,BID2493
CID1240,BID2503
CID1240,BID567
CID1240,BID649
CID1240,BID969
CID1241,BID114
CID1241,BID1465
CID1241,BID1885
CID1241,BID2257
CID1242,BID1154
CID1242,BID1845
CID1242,BID2444
CID1242,BID2484
CID1242,BID2633
CID1242,BID526
CID1243,BID1332
CID1243,BID1373
CID1243,BID1686
CID1243,BID2662
CID1243,BID361
CID1243,BID712
CID1244,BID1118
CID1244,BID2087
CID1244,BID272
CID1245,BID1012
CID1245,BID1173
CID1245,BID2208
CID1245,BID2396
CID1246,BID1961
CID1246,BID2332
CID1247,BID1130
CID1247,BID1176
CID1247,BID1877
CID1247,BID67
CID1247,BID863
CID1248,BID2416
CID1249,BID813
CID1250,BID1094
CID1250,BID1898
CID1250,BID2068
CID1250,BID213
CID1250,BID2164
CID1250,BID2242
CID1250,BID2621
CID1251,BID1520
CID1252,BID489
CID1253,BID120
CID1253,BID144
CID1253,BID2039
CID1253,BID2061
CID1253,BID2689
CID1253,BID563
CID1253,BID720
CID1254,BID2626
CID1255,BID2574
CID1255,BID264
CID1255,BID2767
CID1255,BID770
CID1256,BID719
CID1257,BID1542
CID1257,BID2417
CID1257,BID2539
CID1257,BID2901
CID1258,BID1423
CID1258,BID1655
CID1258,BID1916
CID1258,BID274
CID1258,BID589
CID1258,BID674
CID1258,BID773
CID1259,BID1549
CID1259,BID1792
CID1259,BID271
CID1260,BID1338
CID1260,BID2282
CID1261,BID246
CID1262,BID1218
CID1262,BID2211
CID1262,BID2339
CID1262,BID2623
CID1262,BID2829
CID1262,BID982
CID1263,BID1008
CID1263,BID2175
CID1263,BID2940
CID1263,BID939
CID1264,BID2537
CID1264,BID396
CID1265,BID1097
CID1265,BID1888
CID1265,BID2154
CID1265,BID2747
CID1265,BID67
CID1266,BID6
CID1266,BID736
CID1267,BID1418
CID1267,BID2651
CID1268,BID1497
CID1268,BID299
CID1268,BID2990
CID1268,BID399
CID1268,BID897
CID1269,BID1389
CID1269,BID1405
CID1270,BID1292
CID1270,BID1818
CID1270,BID2709
CID1270,BID2738
CID1270,BID594
CID1270,BID894
CID1271,BID1185
CID1271,BID441
CID1272,BID1871
CID1272,BID2326
CID1273,BID115
CID1273,BID1288
CID1273,BID1748
CID1273,BID2171
CID1273,BID2446
CID1273,BID2881
CID1273,BID413
CID1274,BID318
CID1275,BID1817
CID1275,BID671
CID1275,BID966
CID1276,BID1301
CID1276,BID164
CID1276,BID1997
CID1277,BID1862
CID1277,BID2609
CID1277,BID678
CID1277,BID73
CID1278,BID1181
CID1278,BID1597
CID1278,BID2249
CID1279,BID1089
CID1280,BID1337
CID1280,BID1483
CID1280,BID1611
CID1280,BID1686
CID1280,BID2228
CID1281,BID1597
CID1281,BID2910
CID1281,BID543
CID1281,BID637
CID1281,BID978
CID1282,BID2483
CID1283,BID1067
CID1283,BID1174
CID1283,BID2606
CID1283,BID2871
CID1283,BID465
CID1284,BID1008
CID1284,BID1469
CID1284,BID1717
CID1284,BID827
CID1285,BID560
CID1285,BID694
CID1286,BID1239
CID1286,BID133
CID1286,BID174
CID1286,BID1776
CID1286,BID2150
CID1286,BID2897
CID1286,BID363
CID1287,BID1218
CID1287,BID1574
CID1287,BID1717
CID1287,BID198
CID1287,BID2771
CID1287,BID2870
CID1287,BID579
CID1288,BID435
CID1289,BID1745
CID1289,BID391
CID1289,BID801
CID1290,BID1041
CID1290,BID1185
CID1290,BID1404
CID1290,BID656
CID1291,BID1835
CID1291,BID1901
CID1291,BID2570
CID1291,BID508
CID1291,BID587
CID1292,BID1329
CID1292,BID2412
CID1292,BID2694
CID1292,BID2845
CID1293,BID1059
CID1293,BID2099
CID1293,BID2498
CID1293,BID2535
CID1293,BID2628
CID1293,BID2822
CID1294,BID2658
CID1294,BID95
CID1295,BID2765
CID1295,BID31
CID1295,BID836
CID1296,BID1816
CID1296,BID1893
CID1297,BID1271
CID1297,BID2342
CID1297,BID2636
CID1297,BID2961
CID1297,BID409
CID1297,BID797
CID1297,BID862
CID1298,BID16
CID1298,BID2036
CID1298,BID2066
CID1298,BID2451
CID1298,BID582
CID1298,BID784
CID1298,BID837
CID1299,BID1099
CID1299,BID1122
CID1299,BID2657
CID1299,BID2880
CID1299,BID601
CID1300,BID1094
CID1300,BID1964
CID1300,BID773
CID1300,BID920
CID1300,BID934
CID1300,BID969
CID1301,BID2262
CID1302,BID2192
CID1303,BID1392
CID1303,BID1559
CID1303,BID1670
CID1303,BID1862
CID1303,BID258
CID1304,BID1241
CID1304,BID1735
CID1304,BID1904
CID1304,BID2445
CID1304,BID2527
CID1304,BID764
CID1304,BID836
CID1305,BID2388
CID1305,BID266
CID1305,BID2923
CID1305,BID2942
CID1305,BID391
CID1305,BID706
CID1305,BID748
CID1306,BID1131
CID1306,BID1362
CID1306,BID2147
CID1306,BID844
CID1307,BID159
CID1307,BID190
CID1307,BID1940
CID1307,BID2199
CID1307,BID2205
CID1307,BID416
CID1307,BID935
CID1308,BID1441
CID1308,BID2177
CID1308,BID2567
CID1308,BID2574
CID1308,BID768
CID1309,BID2285
CID1309,BID2374
CID1310,BID1646
CID1310,BID2506
CID1310,BID2625
CID1310,BID683
CID1311,BID1885
CID1311,BID1892
CID1311,BID2168
CID1311,BID2298
CID1311,BID825
CID1312,BID1625
CID1312,BID2063
CID1312,BID2793
CID1313,BID1368
CID1313,BID192
CID1313,BID1924
CID1314,BID1247
CID1314,BID1492
CID1314,BID2001
CID1314,BID2331
CID1314,BID2854
CID1314,BID91
CID1315,BID1
CID1315,BID1210
CID1315,BID1890
CID1315,BID2032
CID1315,BID2161
CID1315,BID2984
CID1316,BID1840
CID1316,BID1958
CID1316,BID1967
CID1316,BID2003
CID1316,BID2174
CID1316,BID2293
CID1316,BID2601
CID1317,BID1004
CID1318,BID1155
CID1318,BID1583
CID1318,BID1795
CID1318,BID2673
CID1318,BID2743
CID1318,BID2982
CID1318,BID376
CID1319,BID1044
CID1319,BID1622
CID1319,BID1666
CID1319,BID2009
CID1319,BID2296
CID1319,BID2779
CID1319,BID989
CID1320,BID1123
CID1320,BID334
CID1321,BID229
CID1321,BID4
CID1321,BID700
CID1321,BID771
CID1322,BID169
CID1322,BID1698
CID1322,BID2421
CID1322,BID2816
CID1323,BID138
CID1323,BID2684
CID1323,BID672
CID1323,BID930
CID1324,BID127
CID1324,BID1703
CID1324,BID1724
CID1324,BID2050
CID1325,BID1764
CID1325,BID2346
CID1325,BID83
CID1326,BID1284
CID1326,BID135
CID1326,BID1480
CID1326,BID1575
CID1326,BID1950
CID1326,BID284
CID1326,BID6
CID1327,BID1246
CID1327,BID1292
CID1327,BID2466
CID1327,BID822
CID1327,BID829
CID1328,BID2084
CID1328,BID2327
CID1328,BID2655
CID1329,BID1078
CID1329,BID1231
CID1329,BID2374
CID1329,BID2638
CID1329,BID2647
CID1329,BID476
CID1329,BID689
CID1330,BID1097
CID1330,BID1696
CID1330,BID2088
CID1330,BID2893
CID1330,BID2927
CID1330,BID77
CID1331,BID1627
CID1331,BID1664
CID1331,BID2529
CID1331,BID2814
CID1331,BID497
CID1331,BID710
CID1331,BID798
CID1332,BID288
CID1333,BID1169
CID1333,BID2208
CID1333,BID2315
CID1333,BID340
CID1333,BID842
CID1334,BID1565
CID1334,BID1856
CID1334,BID2071
CID1334,BID2872
CID1335,BID1877
CID1335,BID848
CID1336,BID1143
CID1336,BID1911
CID1337,BID1291
CID1337,BID355
CID1337,BID946
CID1338,BID1028
CID1338,BID1060
CID1338,BID2529
CID1338,BID297
CID1338,BID747
CID1338,BID822
CID1339,BID2905
CID1339,BID57
CID1340,BID1037
CID1340,BID2165
CID1340,BID2714
CID1340,BID2830
CID1340,BID371
CID1340,BID690
CID1340,BID902
CID1341,BID2671
CID1342,BID1137
CID1342,BID1769
CID1342,BID1793
CID1342,BID2176
CID1342,BID868
CID1342,BID923
CID1343,BID1277
CID1343,BID1324
CID1343,BID1632
CID1343,BID1726
CID1343,BID2978
CID1343,BID371
CID1343,BID507
CID1344,BID1213
CID1344,BID1733
CID1344,BID2210
CID1344,BID2695
CID1344,BID327
CID1345,BID1254
CID1345,BID2020
CID1345,BID2411
CID1345,BID2567
CID1345,BID2943
CID1345,BID454
CID1346,BID1012
CID1346,BID1520
CID1346,BID2314
CID1346,BID414
CID1347,BID2811
CID1347,BID2951
CID1347,BID304
CID1347,BID55
CID1347,BID717
CID1348,BID1804
CID1348,BID1825
CID1349,BID144
CID1349,BID2276
CID1350,BID1007
CID1350,BID1168
CID1350,BID2469
CID1350,BID2636
CID1351,BID928
CID1352,BID1054
CID1352,BID1288
CID1352,BID1346
CID1352,BID649
CID1353,BID1792
CID1353,BID2640
CID1353,BID468
CID1353,BID489
CID1354,BID1246
CID1354,BID1616
CID1354,BID1967
CID1354,BID2367
CID1354,BID2917
CID1354,BID955
CID1355,BID1341
CID1355,BID1412
CID1355,BID2022
CID1355,BID2341
CID1355,BID2634
CID1355,BID519
CID1355,BID611
CID1356,BID675
CID1357,BID1506
CID1357,BID2041
CID1357,BID212
CID1357,BID2460
CID1357,BID2647
CID1357,BID2769
CID1358,BID1561
CID1358,BID469
CID1358,BID821
CID1358,BID996
CID1359,BID1687
CID1359,BID2618
CID1359,BID343
CID1360,BID1022
CID1360,BID1084
CID1360,BID1615
CID1360,BID2064
CID1360,BID2069
CID1360,BID2520
CID1360,BID727
CID1361,BID2781
CID1361,BID314
CID1361,BID534
CID1361,BID753
CID1361,BID797
CID1361,BID865
CID1361,BID979
CID1362,BID1366
CID1363,BID1392
CID1363,BID2525
CID1363,BID682
CID1364,BID141
CID1364,BID1509
CID1364,BID159
CID1364,BID409
CID1365,BID1159
CID1365,BID1538
CID1365,BID2880
CID1365,BID2908
CID1365,BID795
CID1366,BID1302
CID1366,BID1315
CID1366,BID2277
CID1367,BID146
CID1367,BID2566
CID1367,BID2809
CID1367,BID2919
CID1367,BID846
CID1368,BID1962
CID1368,BID221
CID1368,BID2364
CID1368,BID2418
CID1369,BID2454
CID1369,BID2813
CID1369,BID852
CID1369,BID918
CID1369,BID987
CID1370,BID1098
CID1370,BID157
CID1370,BID2543
CID1370,BID2729
CID1370,BID2760
CID1370,BID762
CID1370,BID904
CID1371,BID1115
CID1371,BID1201
CID1371,BID1520
CID1371,BID2447
CID1371,BID640
CID1371,BID689
CID1372,BID1567
CID1372,BID170
CID1372,BID2660
CID1372,BID294
CID1373,BID208
CID1373,BID370
CID1374,BID1059
CID1374,BID1636
CID1374,BID69
CID1374,BID717
CID1374,BID921
CID1375,BID113
CID1375,BID2925
CID1375,BID351
CID1376,BID1698
CID1376,BID262
CID1376,BID2774
CID1376,BID416
CID1376,BID504
CID1376,BID665
CID1377,BID1189
CID1377,BID1424
CID1377,BID2368
CID1377,BID2642
CID1377,BID2744
CID1377,BID2804
CID1378,BID1330
CID1378,BID1404
CID1378,BID1529
CID1378,BID2095
CID1378,BID702
CID1378,BID787
CID1378,BID849
CID1379,BID1448
CID1379,BID1964
CID1379,BID529
CID1379,BID608
CID1379,BID731
CID1379,BID754
CID1380,BID1176
CID1380,BID2954
CID1380,BID368
CID1380,BID762
CID1381,BID1220
CID1381,BID2207
CID1381,BID2974
CID1382,BID1860
CID1382,BID1862
CID1382,BID2432
CID1382,BID245
CID1382,BID2862
CID1382,BID2940
CID1382,BID929
CID1383,BID1562
CID1383,BID1787
CID1383,BID2339
CID1383,BID2750
CID1383,BID424
CID1383,BID91
CID1383,BID964
CID1384,BID1587
CID1385,BID419
CID1385,BID481
CID1385,BID63
CID1385,BID916
CID1386,BID1415
CID1386,BID1420
CID1386,BID190
CID1386,BID527
CID1386,BID627
CID1386,BID730
CID1386,BID892
CID1387,BID1242
CID1387,BID2821
CID1388,BID843
CID1389,BID1962
CID1389,BID2118
CID1389,BID2224
CID1389,BID2363
CID1389,BID855
CID1390,BID1488
CID1390,BID201
CID1390,BID2037
CID1390,BID2222
CID1390,BID835
CID1391,BID1201
CID1391,BID1322
CID1391,BID2447
CID1391,BID2503
CID1391,BID2641
CID1391,BID334
CID1392,BID274
CID1392,BID2874
CID1392,BID2901
CID1393,BID1438
CID1393,BID1545
CID1393,BID168
CID1393,BID1828
CID1393,BID2047
CID1393,BID2305
CID1393,BID2637
CID1394,BID305
CID1395,BID2438
CID1395,BID2477
CID1396,BID1085
CID1396,BID1121
CID1396,BID207
CID1396,BID2248
CID1396,BID2275
CID1396,BID2811
CID1396,BID867
CID1397,BID1602
CID1397,BID482
CID1397,BID637
CID1398,BID1519
CID1398,BID1896
CID1398,BID265
CID1398,BID685
CID1399,BID1516
CID1399,BID1744
CID1400,BID1088
CID1400,BID109
CID1400,BID1469
CID1400,BID2246
CID1400,BID2696
CID1401,BID1295
CID1401,BID1472
CID1401,BID1870
CID1401,BID2622
CID1401,BID333
CID1401,BID467
CID1402,BID1152
CID1402,BID1154
CID1402,BID1167
CID1402,BID1698
CID1402,BID1964
CID1402,BID2633
CID1402,BID987
CID1403,BID2241
CID1403,BID2630
CID1404,BID115
CID1404,BID2452
CID1404,BID2458
CID1405,BID1155
CID1405,BID2001
CID1405,BID2041
CID1405,BID2108
CID1405,BID2700
CID1405,BID990
CID1406,BID1267
CID1406,BID2611
CID1406,BID525
CID1407,BID2238
CID1407,BID2248
CID1407,BID2991
CID1408,BID1707
CID1408,BID2743
CID1409,BID1191
CID1409,BID1225
CID1409,BID1534
CID1409,BID1624
CID1409,BID1995
CID1409,BID2424
CID1410,BID2029
CID1410,BID2182
CID1410,BID2942
CID1410,BID317
CID1411,BID1141
CID1411,BID1425
CID1411,BID1941
CID1411,BID2505
CID1411,BID2616
CID1411,BID2692
CID1411,BID915
CID1412,BID1077
CID1412,BID1527
CID1412,BID1793
CID1412,BID2943
CID1412,BID778
CID1413,BID1113
CID1413,BID1209
CID1413,BID153
CID1413,BID2973
CID1413,BID945
CID1414,BID2148
CID1415,BID1433
CID1415,BID1715
CID1415,BID2391
CID1416,BID2449
CID1416,BID2698
CID1416,BID2802
CID1416,BID2987
CID1416,BID339
CID1417,BID1020
CID1417,BID1377
CID1417,BID1896
CID1417,BID2339
CID1417,BID2658
CID1417,BID2868
CID1418,BID652
CID1419,BID1361
CID1419,BID618
CID1419,BID643
CID1420,BID1456
CID1420,BID1626
CID1420,BID2174
CID1420,BID2272
CID1421,BID2228
CID1421,BID2522
CID1421,BID2697
CID1421,BID717
CID1422,BID1294
CID1422,BID2122
CID1422,BID301
CID1422,BID707
CID1422,BID969
CID1423,BID1340
CID1423,BID1762
CID1423,BID2272
CID1423,BID412
CID1423,BID594
CID1423,BID821
CID1424,BID1067
CID1424,BID186
CID1424,BID2316
CID1424,BID2462
CID1424,BID2533
CID1424,BID585
CID1425,BID2852
CID1426,BID2096
CID1427,BID105
CID1427,BID1592
CID1427,BID224
CID1427,BID2673
CID1427,BID2856
CID1427,BID852
CID1427,BID917
CID1428,BID1015
CID1428,BID1548
CID1428,BID1564
CID1428,BID1626
CID1428,BID1749
CID1428,BID2419
CID1429,BID2006
CID1430,BID14
CID1430,BID2769
CID1431,BID1125
CID1431,BID121
CID1431,BID1479
CID1431,BID61
CID1431,BID744
CID1431,BID776
CID1431,BID938
CID1432,BID105
CID1432,BID1418
CID1432,BID2605
CID1432,BID538
CID1433,BID2009
CID1433,BID2423
CID1433,BID2491
CID1433,BID2597
CID1433,BID51
CID1434,BID1695
CID1434,BID2243
CID1434,BID249
CID1434,BID819
CID1435,BID1434
CID1435,BID1508
CID1435,BID2155
CID1435,BID2327
CID1435,BID2941
CID1436,BID590
CID1436,BID656
CID1437,BID1286
CID1437,BID712
CID1438,BID243
CID1438,BID2820
CID1438,BID2908
CID1438,BID364
CID1438,BID820
CID1439,BID462
CID1439,BID530
CID1440,BID1175
CID1440,BID2662
CID1440,BID740
CID1440,BID887
CID1440,BID932
CID1441,BID1014
CID1441,BID2067
CID1441,BID2078
CID1441,BID2279
CID1441,BID429
CID1441,BID566
CID1442,BID1609
CID1442,BID2245
CID1442,BID2326
CID1442,BID831
CID1443,BID1116
CID1443,BID142
CID1443,BID2467
CID1443,BID2914
CID1444,BID465
CID1445,BID1799
CID1445,BID2388
CID1445,BID2757
CID1445,BID455
CID1445,BID968
CID1446,BID1630
CID1447,BID1360
CID1447,BID1483
CID1447,BID1987
CID1447,BID2071
CID1447,BID2722
CID1447,BID436
CID1448,BID2917
CID1449,BID1055
CID1449,BID1310
CID1449,BID1355
CID1449,BID1996
CID1450,BID1655
CID1450,BID1725
CID1450,BID1894
CID1451,BID1725
CID1451,BID199
CID1451,BID2070
CID1451,BID296
CID1451,BID597
CID1451,BID817
CID1452,BID1828
CID1453,BID1762
CID1453,BID1879
CID1453,BID2210
CID1453,BID617
CID1454,BID2904
CID1455,BID1371
CID1455,BID1376
CID1455,BID1738
CID1455,BID1962
CID1455,BID1994
CID1455,BID2647
CID1455,BID2873
CID1456,BID1473
CID1456,BID1583
CID1456,BID1981
CID1457,BID1134
CID1457,BID1664
CID1457,BID2249
CID1458,BID1064
CID1458,BID2420
CID1458,BID326
CID1459,BID1110
CID1459,BID1173
CID1459,BID1889
CID1459,BID2767
CID1459,BID2923
CID1459,BID2970
CID1460,BID1118
CID1460,BID1272
CID1460,BID1471
CID1460,BID2468
CID1460,BID2835
CID1460,BID368
CID1460,BID679
CID1461,BID1244
CID1461,BID2338
CID1461,BID2946
CID1461,BID298
CID1462,BID2430
CID1463,BID1686
CID1463,BID1949
CID1463,BID2385
CID1463,BID2416
CID1463,BID519
CID1464,BID1333
CID1464,BID1450
CID1464,BID2124
CID1464,BID585
CID1464,BID607
CID1465,BID1955
CID1465,BID2660
CID1465,BID2772
CID1465,BID2839
CID1465,BID2856
CID1465,BID599
CID1466,BID1332
CID1466,BID2358
CID1466,BID240
CID1466,BID2577
CID1466,BID42
CID1466,BID883
CID1467,BID1059
CID1467,BID1734
CID1467,BID2467
CID1467,BID252
CID1467,BID666
CID1468,BID1412
CID1468,BID1446
CID1468,BID1608
CID1468,BID1667
CID1468,BID2977
CID1468,BID78
CID1469,BID1747
CID1470,BID2798
CID1470,BID362
CID1470,BID420
CID1470,BID757
CID1471,BID1177
CID1471,BID1266
CID1471,BID1374
CID1471,BID2263
CID1472,BID1062
CID1472,BID131
CID1472,BID1599
CID1472,BID1951
CID1472,BID2382
CID1472,BID2630
CID1472,BID2659
CID1473,BID1598
CID1473,BID2088
CID1473,BID2098
CID1473,BID2848
CID1473,BID2992
CID1473,BID403
CID1474,BID1120
CID1474,BID1329
CID1474,BID2075
CID1474,BID2277
CID1474,BID300
CID1474,BID392
CID1474,BID67
CID1475,BID1641
CID1475,BID230
CID1475,BID232
CID1475,BID722
CID1475,BID727
CID1476,BID145
CID1476,BID1929
CID1476,BID2215
CID1476,BID2816
CID1477,BID1139
CID1477,BID2724
CID1477,BID344
CID1477,BID94
CID1478,BID1205
CID1478,BID969
CID1479,BID1259
CID1480,BID1773
CID1480,BID2759
CID1481,BID1407
CID1481,BID2153
CID1481,BID2254
CID1481,BID316
CID1482,BID296
CID1483,BID10
CID1483,BID1461
CID1483,BID1484
CID1483,BID184
CID1483,BID2519
CID1484,BID2478
CID1484,BID2582
CID1485,BID1074
CID1485,BID1409
CID1485,BID2367
CID1485,BID931
CID1485,BID962
CID1486,BID1532
CID1486,BID2145
CID1486,BID2537
CID1486,BID2649
CID1487,BID1861
CID1487,BID2298
CID1487,BID2355
CID1487,BID587
CID1488,BID1067
CID1488,BID1101
CID1488,BID1312
CID1488,BID1369
CID1488,BID2240
CID1488,BID463
CID1488,BID647
CID1489,BID2535
CID1490,BID1612
CID1491,BID101
CID1491,BID1204
CID1491,BID681
CID1492,BID1036
CID1492,BID2595
CID1492,BID325
CID1492,BID927
CID1493,BID104
CID1493,BID1140
CID1493,BID1326
CID1493,BID1637
CID1493,BID1806
CID1493,BID2060
CID1493,BID546
CID1494,BID2452
CID1494,BID2464
CID1494,BID342
CID1494,BID467
CID1494,BID565
CID1494,BID776
CID1495,BID1970
CID1496,BID1439
CID1496,BID1992
CID1496,BID2273
CID1496,BID255
CID1496,BID2768
CID1497,BID1625
CID1497,BID1862
CID1497,BID2450
CID1497,BID344
CID1498,BID277
CID1498,BID339
CID1499,BID1720
CID1499,BID1782
CID1499,BID2420
CID1499,BID2636
CID1500,BID320
