CID,DID
CID1,DID1377
CID1,DID1498
CID1,DID177
CID1,DID331
CID1,DID366
CID1,DID462
CID2,DID1186
CID2,DID323
CID2,DID760
CID3,DID1282
CID3,DID1341
CID3,DID223
CID4,DID1048
CID4,DID1244
CID4,DID1352
CID4,DID1365
CID4,DID447
CID4,DID784
CID4,DID900
CID5,DID1037
CID6,DID1133
CID6,DID1239
CID6,DID75
CID6,DID881
CID6,DID976
CID7,DID1109
CID7,DID166
CID8,DID391
CID8,DID393
CID8,DID495
CID9,DID1021
CID9,DID1078
CID9,DID356
CID10,DID1426
CID10,DID1486
CID10,DID158
CID10,DID448
CID10,DID497
CID11,DID286
CID11,DID625
CID11,DID742
CID11,DID843
CID11,DID871
CID12,DID1430
CID12,DID1457
CID12,DID173
CID12,DID610
CID12,DID858
CID13,DID1289
CID13,DID1399
CID13,DID66
CID13,DID799
CID13,DID856
CID14,DID136
CID14,DID197
CID14,DID247
CID14,DID464
CID14,DID55
CID14,DID76
CID14,DID829
CID14,DID836
CID15,DID1221
CID15,DID467
CID15,DID470
CID15,DID567
CID15,DID60
CID15,DID671
CID15,DID677
CID16,DID1324
CID16,DID181
CID16,DID4
CID16,DID837
CID16,DID941
CID17,DID15
CID17,DID172
CID17,DID181
CID17,DID268
CID17,DID316
CID17,DID741
CID18,DID118
CID18,DID1325
CID18,DID1349
CID18,DID1359
CID18,DID1388
CID18,DID670
CID18,DID786
CID18,DID877
CID19,DID1168
CID19,DID1173
CID19,DID1347
CID19,DID1429
CID19,DID172
CID19,DID335
CID19,DID515
CID20,DID1394
CID20,DID939
CID21,DID487
CID21,DID631
CID21,DID80
CID21,DID812
CID21,DID934
CID22,DID1258
CID22,DID129
CID22,DID14
CID22,DID179
CID22,DID624
CID23,DID1184
CID23,DID1358
CID23,DID15
CID23,DID19
CID23,DID333
CID23,DID602
CID23,DID614
CID24,DID1061
CID24,DID408
CID24,DID989
CID25,DID1080
CID25,DID132
CID25,DID352
CID25,DID551
CID25,DID748
CID26,DID1186
CID26,DID1458
CID26,DID379
CID26,DID590
CID26,DID669
CID26,DID767
CID27,DID1226
CID27,DID1356
CID27,DID309
CID27,DID45
CID27,DID566
CID27,DID610
CID28,DID37
CID29,DID1355
CID29,DID182
CID29,DID700
CID29,DID849
CID29,DID893
CID30,DID1160
CID30,DID1359
CID31,DID1255
CID31,DID1385
CID31,DID392
CID31,DID756
CID32,DID1474
CID32,DID84
CID33,DID1035
CID33,DID395
CID33,DID632
CID33,DID967
CID33,DID996
CID34,DID1492
CID34,DID258
CID35,DID1474
CID35,DID251
CID36,DID1001
CID36,DID544
CID37,DID1054
CID37,DID1264
CID37,DID1444
CID37,DID243
CID37,DID39
CID37,DID730
CID37,DID737
CID37,DID897
CID38,DID1041
CID38,DID1052
CID38,DID125
CID38,DID200
CID38,DID650
CID38,DID833
CID39,DID222
CID39,DID227
CID39,DID274
CID39,DID382
CID39,DID702
CID39,DID746
CID40,DID246
CID41,DID1102
CID41,DID1417
CID42,DID1181
CID42,DID671
CID42,DID868
CID43,DID1429
CID43,DID946
CID44,DID185
CID44,DID318
CID44,DID538
CID44,DID865
CID45,DID1146
CID45,DID1182
CID45,DID1332
CID45,DID1476
CID45,DID492
CID46,DID1143
CID46,DID941
CID47,DID1397
CID48,DID1394
CID49,DID1441
CID49,DID1489
CID50,DID356
CID50,DID48
CID51,DID1332
CID51,DID1340
CID51,DID1389
CID51,DID330
CID51,DID658
CID51,DID815
CID52,DID1260
CID52,DID31
CID52,DID696
CID52,DID718
CID52,DID912
CID53,DID716
CID54,DID116
CID54,DID1169
CID54,DID1451
CID54,DID379
CID54,DID805
CID54,DID843
CID54,DID85
CID54,DID986
CID55,DID1044
CID55,DID1204
CID55,DID132
CID55,DID1423
CID55,DID307
CID55,DID691
CID55,DID8
CID55,DID893
CID56,DID1080
CID56,DID1125
CID56,DID1211
CID56,DID1366
CID56,DID579
CID56,DID620
CID56,DID746
CID57,DID121
CID57,DID317
CID57,DID350
CID57,DID550
CID58,DID1293
CID58,DID1420
CID58,DID322
CID58,DID360
CID58,DID891
CID59,DID1134
CID59,DID193
CID59,DID654
CID59,DID905
CID60,DID1303
CID60,DID1394
CID60,DID742
CID60,DID79
CID60,DID861
CID61,DID101
CID61,DID1292
CID61,DID309
CID61,DID778
CID62,DID1133
CID62,DID1208
CID62,DID1297
CID62,DID1435
CID62,DID188
CID63,DID546
CID63,DID900
CID64,DID104
CID64,DID1347
CID64,DID1421
CID64,DID249
CID65,DID105
CID65,DID1167
CID65,DID1175
CID65,DID1320
CID65,DID301
CID65,DID73
CID65,DID800
CID66,DID1031
CID66,DID522
CID66,DID625
CID67,DID112
CID67,DID1426
CID67,DID426
CID67,DID438
CID67,DID734
CID68,DID1470
CID68,DID732
CID69,DID1126
CID69,DID1136
CID69,DID148
CID69,DID889
CID70,DID1018
CID70,DID1251
CID70,DID488
CID70,DID494
CID70,DID50
CID71,DID1090
CID71,DID13
CID71,DID1400
CID71,DID752
CID72,DID414
CID72,DID435
CID72,DID648
CID72,DID702
CID72,DID712
CID72,DID895
CID72,DID998
CID73,DID1125
CID73,DID495
CID73,DID937
CID74,DID929
CID75,DID1437
CID75,DID406
CID75,DID779
CID75,DID937
CID76,DID1036
CID76,DID1482
CID76,DID2
CID76,DID200
CID76,DID883
CID76,DID986
CID76,DID996
CID77,DID1026
CID77,DID1059
CID77,DID1273
CID77,DID528
CID77,DID636
CID78,DID759
CID78,DID841
CID78,DID915
CID78,DID957
CID78,DID980
CID79,DID1070
CID79,DID1175
CID79,DID236
CID79,DID407
CID80,DID1055
CID80,DID1154
CID80,DID1222
CID80,DID1284
CID80,DID539
CID80,DID640
CID81,DID1017
CID81,DID1070
CID81,DID1173
CID81,DID1340
CID81,DID1486
CID81,DID270
CID81,DID648
CID81,DID931
CID82,DID1046
CID82,DID108
CID82,DID1363
CID83,DID1060
CID83,DID423
CID83,DID713
CID84,DID1345
CID84,DID1371
CID84,DID353
CID84,DID463
CID84,DID510
CID84,DID913
CID85,DID399
CID85,DID715
CID86,DID822
CID87,DID934
CID87,DID941
CID88,DID1149
CID88,DID260
CID88,DID490
CID88,DID768
CID89,DID989
CID90,DID1033
CID90,DID465
CID90,DID466
CID90,DID66
CID90,DID732
CID90,DID877
CID90,DID886
CID91,DID1104
CID91,DID1159
CID91,DID550
CID91,DID669
CID91,DID74
CID91,DID966
CID92,DID102
CID92,DID1023
CID92,DID1148
CID92,DID1203
CID92,DID271
CID92,DID597
CID92,DID773
CID93,DID1021
CID93,DID1331
CID93,DID1447
CID93,DID661
CID93,DID984
CID94,DID1
CID94,DID1147
CID94,DID1249
CID94,DID669
CID94,DID689
CID94,DID705
CID94,DID727
CID94,DID863
CID95,DID1306
CID95,DID159
CID95,DID795
CID96,DID107
CID97,DID1159
CID97,DID1350
CID98,DID4
CID98,DID94
CID99,DID1310
CID99,DID515
CID99,DID831
CID99,DID867
CID100,DID1022
CID100,DID1212
CID100,DID1455
CID100,DID614
CID100,DID624
CID100,DID748
CID100,DID8
CID101,DID1278
CID102,DID1059
CID102,DID1134
CID102,DID1429
CID102,DID1439
CID102,DID69
CID102,DID773
CID103,DID632
CID103,DID70
CID103,DID807
CID104,DID1334
CID104,DID1356
CID104,DID218
CID104,DID893
CID105,DID124
CID105,DID1337
CID105,DID1478
CID105,DID643
CID105,DID742
CID105,DID910
CID105,DID993
CID106,DID1248
CID106,DID429
CID107,DID1468
CID108,DID1018
CID108,DID1028
CID108,DID1047
CID108,DID869
CID109,DID1240
CID109,DID410
CID109,DID747
CID110,DID1335
CID110,DID293
CID111,DID1066
CID111,DID1401
CID111,DID230
CID111,DID460
CID111,DID469
CID111,DID535
CID111,DID646
CID111,DID955
CID112,DID1058
CID112,DID1329
CID112,DID348
CID112,DID679
CID112,DID742
CID112,DID908
CID113,DID1187
CID113,DID221
CID113,DID619
CID114,DID1227
CID115,DID1112
CID115,DID1196
CID115,DID272
CID115,DID702
CID116,DID1242
CID116,DID658
CID117,DID1476
CID117,DID31
CID117,DID626
CID117,DID73
CID117,DID983
CID118,DID1058
CID118,DID1335
CID118,DID244
CID118,DID99
CID119,DID1348
CID119,DID575
CID119,DID936
CID120,DID698
CID121,DID1007
CID121,DID169
CID121,DID40
CID122,DID1035
CID122,DID145
CID122,DID516
CID122,DID683
CID122,DID818
CID123,DID115
CID123,DID1364
CID123,DID310
CID123,DID498
CID123,DID572
CID123,DID860
CID124,DID1144
CID124,DID1267
CID124,DID486
CID124,DID495
CID124,DID625
CID125,DID1167
CID125,DID125
CID125,DID146
CID125,DID37
CID125,DID731
CID126,DID194
CID126,DID195
CID126,DID391
CID126,DID677
CID126,DID761
CID126,DID77
CID127,DID427
CID127,DID625
CID127,DID635
CID127,DID971
CID128,DID561
CID128,DID90
CID129,DID1300
CID129,DID169
CID129,DID384
CID129,DID589
CID129,DID609
CID129,DID684
CID129,DID741
CID129,DID823
CID130,DID1048
CID130,DID108
CID130,DID216
CID130,DID353
CID130,DID357
CID130,DID388
CID130,DID687
CID131,DID1112
CID131,DID1217
CID131,DID1265
CID131,DID351
CID131,DID788
CID131,DID823
CID131,DID971
CID131,DID977
CID132,DID1182
CID132,DID1498
CID133,DID1196
CID133,DID597
CID134,DID1086
CID134,DID1089
CID134,DID1181
CID134,DID1295
CID134,DID296
CID134,DID66
CID134,DID74
CID134,DID919
CID135,DID1041
CID135,DID1180
CID135,DID363
CID135,DID776
CID135,DID810
CID135,DID821
CID135,DID899
CID135,DID912
CID136,DID1335
CID136,DID1440
CID136,DID155
CID136,DID46
CID136,DID507
CID136,DID981
CID137,DID1032
CID137,DID1266
CID137,DID1304
CID137,DID732
CID137,DID887
CID137,DID987
CID138,DID1081
CID138,DID1460
CID138,DID226
CID138,DID230
CID138,DID373
CID138,DID468
CID138,DID567
CID139,DID397
CID139,DID402
CID139,DID653
CID139,DID947
CID140,DID1008
CID140,DID1196
CID140,DID1244
CID140,DID276
CID140,DID348
CID140,DID35
CID140,DID68
CID140,DID879
CID141,DID1249
CID141,DID142
CID141,DID649
CID141,DID776
CID141,DID878
CID142,DID346
CID142,DID388
CID142,DID744
CID142,DID769
CID143,DID1148
CID143,DID1476
CID144,DID1169
CID144,DID322
CID144,DID375
CID145,DID108
CID145,DID1309
CID145,DID357
CID145,DID365
CID145,DID479
CID145,DID629
CID145,DID832
CID146,DID143
CID146,DID217
CID146,DID274
CID146,DID343
CID146,DID744
CID146,DID920
CID147,DID1279
CID147,DID1462
CID147,DID166
CID147,DID229
CID147,DID699
CID147,DID908
CID147,DID946
CID148,DID1057
CID148,DID1339
CID148,DID1342
CID148,DID136
CID148,DID1500
CID148,DID386
CID148,DID5
CID148,DID530
CID149,DID103
CID149,DID1276
CID149,DID1403
CID149,DID1414
CID149,DID21
CID149,DID342
CID149,DID360
CID149,DID806
CID150,DID504
CID150,DID53
CID150,DID755
CID150,DID9
CID150,DID915
CID151,DID1304
CID151,DID1427
CID151,DID464
CID151,DID525
CID151,DID915
CID152,DID1207
CID152,DID1434
CID152,DID395
CID152,DID618
CID153,DID1399
CID153,DID506
CID153,DID59
CID153,DID730
CID153,DID762
CID153,DID878
CID154,DID1306
CID154,DID140
CID154,DID562
CID154,DID927
CID155,DID1150
CID155,DID1294
CID155,DID1414
CID155,DID774
CID156,DID1236
CID157,DID1254
CID157,DID331
CID157,DID579
CID157,DID756
CID157,DID771
CID157,DID822
CID157,DID839
CID158,DID129
CID158,DID34
CID159,DID1086
CID159,DID1466
CID159,DID548
CID159,DID850
CID160,DID1240
CID160,DID231
CID160,DID29
CID160,DID443
CID160,DID539
CID161,DID1080
CID161,DID1328
CID161,DID491
CID161,DID601
CID161,DID77
CID162,DID707
CID163,DID249
CID164,DID1401
CID164,DID1429
CID164,DID17
CID164,DID252
CID164,DID36
CID164,DID476
CID164,DID846
CID164,DID849
CID165,DID1124
CID165,DID1168
CID165,DID276
CID165,DID394
CID166,DID102
CID166,DID1192
CID166,DID17
CID166,DID521
CID166,DID612
CID166,DID975
CID167,DID1342
CID167,DID389
CID167,DID566
CID167,DID647
CID167,DID722
CID168,DID1088
CID168,DID1405
CID168,DID210
CID168,DID247
CID168,DID49
CID168,DID85
CID169,DID488
CID169,DID983
CID170,DID1059
CID170,DID436
CID170,DID563
CID170,DID867
CID171,DID1095
CID171,DID1192
CID171,DID466
CID171,DID908
CID172,DID130
CID172,DID1491
CID172,DID375
CID172,DID653
CID173,DID1377
CID173,DID152
CID174,DID1095
CID174,DID1183
CID174,DID542
CID174,DID647
CID175,DID399
CID175,DID564
CID176,DID1236
CID176,DID285
CID176,DID85
CID177,DID1189
CID177,DID21
CID177,DID300
CID177,DID60
CID177,DID839
CID178,DID157
CID178,DID633
CID178,DID937
CID179,DID1021
CID179,DID1152
CID179,DID1181
CID179,DID1495
CID179,DID291
CID179,DID386
CID179,DID805
CID179,DID934
CID180,DID564
CID181,DID1095
CID181,DID1179
CID181,DID1456
CID181,DID251
CID181,DID34
CID182,DID859
CID183,DID1020
CID183,DID159
CID183,DID238
CID183,DID343
CID184,DID316
CID185,DID1236
CID185,DID1280
CID185,DID159
CID186,DID486
CID186,DID661
CID187,DID1006
CID187,DID1098
CID187,DID1104
CID187,DID1294
CID187,DID1385
CID187,DID316
CID187,DID655
CID187,DID898
CID188,DID1049
CID188,DID206
CID188,DID366
CID188,DID368
CID188,DID639
CID189,DID1231
CID190,DID1237
CID190,DID183
CID190,DID58
CID190,DID669
CID190,DID679
CID190,DID818
CID190,DID920
CID191,DID1186
CID191,DID727
CID192,DID1143
CID192,DID1451
CID192,DID233
CID192,DID523
CID192,DID613
CID192,DID660
CID192,DID701
CID193,DID1000
CID193,DID709
CID194,DID434
CID194,DID690
CID195,DID1139
CID195,DID1269
CID195,DID134
CID195,DID139
CID195,DID289
CID195,DID604
CID195,DID634
CID195,DID857
CID196,DID1367
CID196,DID1377
CID196,DID385
CID196,DID436
CID196,DID616
CID197,DID1134
CID197,DID1321
CID197,DID780
CID198,DID1209
CID198,DID329
CID198,DID352
CID198,DID625
CID198,DID997
CID199,DID361
CID199,DID379
CID199,DID532
CID199,DID54
CID199,DID573
CID199,DID761
CID199,DID765
CID199,DID825
CID200,DID1173
CID201,DID1028
CID201,DID1057
CID201,DID1399
CID201,DID2
CID201,DID865
CID201,DID962
CID202,DID1199
CID202,DID1220
CID202,DID1318
CID202,DID1426
CID202,DID1460
CID202,DID580
CID202,DID625
CID203,DID1004
CID203,DID1214
CID203,DID652
CID203,DID794
CID203,DID893
CID204,DID1008
CID204,DID1172
CID204,DID6
CID205,DID1088
CID205,DID1347
CID205,DID312
CID205,DID407
CID205,DID543
CID205,DID652
CID206,DID1123
CID206,DID1399
CID206,DID268
CID206,DID269
CID206,DID54
CID206,DID646
CID206,DID94
CID207,DID1252
CID207,DID503
CID208,DID1440
CID208,DID1442
CID208,DID147
CID208,DID1481
CID208,DID21
CID208,DID294
CID208,DID431
CID209,DID1032
CID209,DID112
CID209,DID116
CID209,DID363
CID209,DID434
CID209,DID496
CID209,DID922
CID210,DID658
CID211,DID133
CID211,DID228
CID211,DID965
CID212,DID1125
CID212,DID1209
CID212,DID1238
CID212,DID1429
CID212,DID333
CID212,DID746
CID213,DID386
CID213,DID642
CID213,DID668
CID213,DID680
CID213,DID689
CID214,DID530
CID214,DID783
CID215,DID746
CID216,DID249
CID216,DID285
CID217,DID104
CID217,DID1332
CID217,DID206
CID217,DID274
CID217,DID42
CID218,DID1007
CID218,DID112
CID218,DID1215
CID218,DID288
CID218,DID326
CID218,DID585
CID218,DID74
CID219,DID1274
CID219,DID1319
CID219,DID1394
CID219,DID382
CID219,DID454
CID219,DID47
CID219,DID578
CID219,DID684
CID220,DID1219
CID220,DID1464
CID220,DID542
CID221,DID1158
CID221,DID1306
CID221,DID18
CID221,DID983
CID222,DID1
CID222,DID1297
CID222,DID139
CID222,DID1411
CID222,DID1417
CID222,DID31
CID222,DID865
CID223,DID119
CID223,DID1373
CID223,DID419
CID223,DID641
CID224,DID1180
CID224,DID126
CID224,DID591
CID225,DID104
CID225,DID273
CID225,DID380
CID225,DID381
CID225,DID500
CID225,DID593
CID226,DID1015
CID226,DID136
CID226,DID153
CID226,DID287
CID226,DID397
CID226,DID922
CID226,DID928
CID227,DID1277
CID228,DID1138
CID228,DID938
CID228,DID976
CID229,DID1048
CID230,DID1191
CID230,DID274
CID231,DID1206
CID231,DID299
CID232,DID1414
CID232,DID170
CID232,DID242
CID232,DID32
CID232,DID444
CID232,DID521
CID232,DID626
CID232,DID785
CID233,DID123
CID233,DID272
CID233,DID833
CID233,DID896
CID234,DID119
CID234,DID1190
CID234,DID1251
CID234,DID1283
CID234,DID553
CID234,DID789
CID235,DID1233
CID236,DID1325
CID236,DID360
CID236,DID522
CID236,DID700
CID236,DID723
CID236,DID9
CID237,DID1035
CID238,DID1324
CID238,DID158
CID238,DID350
CID238,DID584
CID238,DID6
CID238,DID664
CID238,DID782
CID238,DID796
CID239,DID1309
CID239,DID634
CID240,DID1017
CID240,DID1101
CID240,DID1112
CID240,DID1364
CID240,DID278
CID240,DID957
CID241,DID1007
CID241,DID577
CID241,DID705
CID241,DID870
CID242,DID1079
CID242,DID382
CID242,DID456
CID242,DID658
CID242,DID843
CID243,DID1264
CID243,DID127
CID243,DID243
CID243,DID372
CID243,DID404
CID243,DID710
CID244,DID241
CID245,DID200
CID246,DID1326
CID247,DID1180
CID247,DID1477
CID247,DID986
CID248,DID1223
CID248,DID156
CID248,DID977
CID249,DID726
CID250,DID1095
CID250,DID198
CID250,DID203
CID250,DID876
CID251,DID1285
CID251,DID1322
CID251,DID1358
CID251,DID212
CID251,DID750
CID252,DID340
CID253,DID1126
CID253,DID1211
CID253,DID291
CID253,DID700
CID253,DID706
CID253,DID840
CID253,DID868
CID254,DID1112
CID254,DID1265
CID254,DID336
CID254,DID835
CID255,DID1001
CID255,DID1059
CID255,DID1252
CID255,DID1369
CID255,DID30
CID255,DID397
CID255,DID942
CID256,DID117
CID256,DID1405
CID256,DID165
CID257,DID1201
CID257,DID14
CID257,DID189
CID257,DID295
CID257,DID311
CID257,DID464
CID257,DID559
CID257,DID922
CID258,DID562
CID258,DID666
CID258,DID708
CID258,DID852
CID258,DID904
CID258,DID950
CID258,DID977
CID259,DID1119
CID259,DID1312
CID259,DID658
CID259,DID749
CID259,DID830
CID259,DID993
CID260,DID1036
CID260,DID115
CID260,DID1276
CID260,DID308
CID260,DID341
CID260,DID350
CID260,DID958
CID261,DID1357
CID261,DID455
CID261,DID610
CID261,DID639
CID261,DID683
CID262,DID1309
CID262,DID220
CID263,DID1193
CID264,DID1049
CID264,DID1407
CID264,DID377
CID264,DID381
CID264,DID678
CID265,DID1278
CID265,DID208
CID265,DID405
CID265,DID480
CID266,DID409
CID266,DID500
CID266,DID540
CID266,DID59
CID266,DID845
CID267,DID507
CID267,DID611
CID268,DID1244
CID268,DID377
CID268,DID501
CID268,DID674
CID268,DID778
CID268,DID820
CID268,DID844
CID269,DID698
CID270,DID1249
CID271,DID301
CID272,DID1058
CID272,DID385
CID272,DID967
CID272,DID971
CID273,DID527
CID274,DID1104
CID274,DID217
CID274,DID323
CID274,DID363
CID275,DID100
CID275,DID1027
CID275,DID459
CID275,DID604
CID275,DID736
CID275,DID820
CID275,DID826
CID275,DID955
CID276,DID1064
CID276,DID554
CID276,DID641
CID276,DID645
CID276,DID815
CID277,DID1134
CID277,DID186
CID277,DID583
CID278,DID1458
CID278,DID204
CID278,DID338
CID278,DID54
CID278,DID657
CID278,DID992
CID279,DID634
CID280,DID1445
CID280,DID961
CID281,DID104
CID281,DID610
CID281,DID85
CID281,DID905
CID282,DID1313
CID282,DID190
CID283,DID1268
CID284,DID177
CID285,DID18
CID285,DID989
CID286,DID1020
CID286,DID1113
CID286,DID179
CID286,DID428
CID286,DID695
CID287,DID539
CID288,DID160
CID288,DID492
CID288,DID576
CID289,DID1143
CID289,DID1429
CID289,DID408
CID289,DID678
CID289,DID930
CID290,DID1307
CID290,DID1314
CID290,DID197
CID290,DID199
CID290,DID505
CID290,DID578
CID290,DID655
CID291,DID1114
CID291,DID43
CID292,DID1207
CID292,DID306
CID292,DID402
CID292,DID866
CID292,DID918
CID292,DID936
CID293,DID1314
CID293,DID14
CID293,DID1451
CID293,DID256
CID293,DID680
CID293,DID779
CID293,DID871
CID294,DID1137
CID294,DID1163
CID294,DID1221
CID294,DID154
CID294,DID409
CID294,DID948
CID295,DID1075
CID295,DID1295
CID295,DID1408
CID295,DID26
CID296,DID78
CID297,DID1268
CID297,DID1299
CID297,DID1451
CID297,DID717
CID297,DID908
CID298,DID101
CID298,DID1056
CID298,DID1338
CID298,DID389
CID298,DID528
CID298,DID592
CID298,DID839
CID299,DID1030
CID299,DID1065
CID299,DID1455
CID299,DID187
CID299,DID982
CID300,DID1394
CID300,DID317
CID300,DID452
CID300,DID571
CID300,DID770
CID300,DID869
CID301,DID182
CID301,DID954
CID302,DID1046
CID302,DID1170
CID302,DID1355
CID302,DID1462
CID302,DID397
CID302,DID714
CID302,DID813
CID302,DID83
CID303,DID1227
CID303,DID69
CID303,DID93
CID304,DID1388
CID304,DID97
CID305,DID1085
CID305,DID317
CID305,DID357
CID305,DID595
CID305,DID725
CID306,DID1276
CID306,DID779
CID306,DID832
CID307,DID1257
CID307,DID1463
CID308,DID716
CID309,DID1014
CID309,DID149
CID310,DID1271
CID310,DID1283
CID310,DID216
CID310,DID237
CID310,DID307
CID310,DID60
CID311,DID95
CID312,DID103
CID312,DID1359
CID312,DID1375
CID312,DID184
CID312,DID220
CID312,DID257
CID312,DID286
CID312,DID998
CID313,DID1188
CID313,DID46
CID313,DID926
CID314,DID1413
CID314,DID388
CID314,DID464
CID315,DID1073
CID315,DID1330
CID315,DID1351
CID315,DID256
CID315,DID760
CID315,DID820
CID316,DID1342
CID316,DID1459
CID316,DID401
CID316,DID777
CID317,DID32
CID318,DID606
CID318,DID974
CID319,DID1245
CID320,DID1379
CID320,DID1433
CID320,DID1498
CID320,DID688
CID321,DID1080
CID321,DID1116
CID321,DID752
CID322,DID1084
CID322,DID25
CID322,DID307
CID322,DID338
CID322,DID745
CID323,DID92
CID324,DID1056
CID324,DID1168
CID324,DID1287
CID324,DID245
CID324,DID720
CID324,DID857
CID324,DID911
CID325,DID1321
CID325,DID184
CID325,DID210
CID325,DID478
CID325,DID480
CID325,DID64
CID325,DID731
CID326,DID1022
CID326,DID1192
CID326,DID1241
CID326,DID186
CID326,DID26
CID326,DID524
CID326,DID629
CID326,DID75
CID327,DID5
CID327,DID764
CID328,DID1018
CID328,DID1104
CID328,DID256
CID328,DID268
CID328,DID44
CID329,DID1085
CID329,DID1206
CID329,DID950
CID330,DID1345
CID330,DID1421
CID330,DID198
CID330,DID463
CID330,DID611
CID330,DID92
CID330,DID931
CID330,DID981
CID331,DID1161
CID331,DID177
CID331,DID477
CID331,DID781
CID332,DID285
CID332,DID997
CID333,DID1379
CID334,DID1345
CID334,DID669
CID334,DID692
CID334,DID762
CID334,DID80
CID334,DID816
CID334,DID985
CID335,DID405
CID336,DID1111
CID336,DID1285
CID336,DID136
CID336,DID502
CID336,DID695
CID337,DID1010
CID337,DID1069
CID338,DID1447
CID338,DID15
CID338,DID472
CID338,DID481
CID338,DID932
CID339,DID1022
CID339,DID215
CID339,DID344
CID339,DID706
CID339,DID804
CID340,DID1259
CID340,DID1290
CID340,DID603
CID340,DID976
CID341,DID1142
CID341,DID1164
CID341,DID1447
CID341,DID429
CID341,DID558
CID341,DID668
CID342,DID1292
CID342,DID134
CID342,DID1351
CID342,DID607
CID342,DID874
CID343,DID1026
CID343,DID1127
CID343,DID1380
CID343,DID258
CID343,DID284
CID343,DID600
CID343,DID87
CID344,DID576
CID344,DID696
CID344,DID95
CID345,DID24
CID345,DID919
CID345,DID976
CID346,DID302
CID346,DID861
CID347,DID71
CID348,DID545
CID349,DID1113
CID349,DID1446
CID349,DID152
CID349,DID320
CID349,DID430
CID349,DID513
CID349,DID734
CID349,DID789
CID350,DID1067
CID350,DID1266
CID350,DID1371
CID350,DID1400
CID350,DID167
CID350,DID253
CID350,DID304
CID350,DID350
CID351,DID90
CID352,DID1334
CID352,DID1416
CID352,DID213
CID352,DID341
CID352,DID501
CID352,DID726
CID352,DID94
CID353,DID1032
CID353,DID1497
CID353,DID695
CID353,DID898
CID353,DID920
CID353,DID923
CID354,DID1257
CID354,DID1413
CID354,DID1497
CID354,DID165
CID354,DID352
CID354,DID506
CID354,DID62
CID354,DID852
CID355,DID199
CID355,DID409
CID356,DID1029
CID356,DID1491
CID356,DID155
CID356,DID428
CID356,DID458
CID356,DID505
CID356,DID819
CID357,DID1113
CID357,DID1477
CID357,DID220
CID357,DID419
CID357,DID652
CID357,DID727
CID357,DID937
CID358,DID1155
CID358,DID1160
CID358,DID131
CID358,DID1359
CID358,DID1364
CID358,DID1429
CID358,DID409
CID358,DID478
CID359,DID1044
CID360,DID1262
CID360,DID621
CID361,DID264
CID361,DID277
CID361,DID45
CID361,DID998
CID362,DID1371
CID362,DID398
CID362,DID527
CID362,DID566
CID363,DID1279
CID363,DID478
CID363,DID508
CID363,DID648
CID363,DID903
CID363,DID912
CID364,DID105
CID364,DID445
CID364,DID64
CID364,DID651
CID364,DID823
CID364,DID99
CID365,DID1072
CID365,DID125
CID365,DID1285
CID366,DID1193
CID366,DID253
CID366,DID366
CID366,DID484
CID367,DID1045
CID367,DID126
CID367,DID1268
CID367,DID1410
CID367,DID309
CID367,DID400
CID367,DID497
CID367,DID840
CID368,DID1145
CID368,DID1433
CID368,DID1475
CID368,DID23
CID368,DID329
CID368,DID513
CID369,DID333
CID370,DID140
CID370,DID1424
CID370,DID428
CID370,DID703
CID370,DID93
CID371,DID1003
CID371,DID1316
CID371,DID143
CID371,DID448
CID371,DID550
CID371,DID582
CID371,DID608
CID371,DID838
CID372,DID1381
CID372,DID487
CID372,DID807
CID372,DID870
CID372,DID967
CID373,DID314
CID373,DID622
CID374,DID194
CID374,DID59
CID374,DID968
CID375,DID958
CID376,DID1327
CID376,DID1482
CID376,DID386
CID376,DID741
CID377,DID1131
CID377,DID172
CID377,DID248
CID377,DID319
CID378,DID334
CID378,DID507
CID378,DID687
CID379,DID597
CID379,DID780
CID379,DID969
CID380,DID558
CID380,DID768
CID380,DID975
CID381,DID1022
CID381,DID24
CID382,DID116
CID382,DID179
CID382,DID436
CID382,DID955
CID382,DID972
CID383,DID569
CID384,DID1042
CID384,DID1177
CID385,DID112
CID385,DID216
CID385,DID489
CID385,DID656
CID385,DID983
CID386,DID1221
CID386,DID1232
CID386,DID2
CID386,DID560
CID386,DID9
CID387,DID1074
CID387,DID778
CID387,DID903
CID388,DID1022
CID388,DID1162
CID388,DID124
CID388,DID422
CID388,DID506
CID388,DID648
CID388,DID826
CID389,DID1029
CID389,DID1447
CID389,DID1480
CID389,DID1484
CID389,DID705
CID389,DID751
CID389,DID804
CID389,DID950
CID390,DID740
CID391,DID1360
CID392,DID11
CID392,DID127
CID392,DID1449
CID393,DID1235
CID393,DID144
CID393,DID575
CID393,DID680
CID393,DID728
CID393,DID769
CID393,DID902
CID393,DID911
CID394,DID1062
CID394,DID1203
CID394,DID305
CID394,DID527
CID394,DID733
CID395,DID1169
CID395,DID1203
CID396,DID1277
CID396,DID1286
CID397,DID1008
CID397,DID592
CID397,DID687
CID398,DID609
CID398,DID826
CID399,DID1041
CID400,DID178
CID400,DID95
CID401,DID496
CID402,DID1062
CID402,DID744
CID403,DID1144
CID403,DID1249
CID403,DID1289
CID403,DID20
CID403,DID45
CID403,DID478
CID403,DID719
CID403,DID741
CID404,DID1068
CID404,DID607
CID404,DID653
CID404,DID801
CID404,DID927
CID405,DID255
CID405,DID5
CID405,DID606
CID406,DID111
CID406,DID1336
CID406,DID1482
CID406,DID256
CID406,DID371
CID406,DID448
CID406,DID462
CID406,DID948
CID407,DID490
CID407,DID548
CID407,DID651
CID407,DID665
CID408,DID1076
CID408,DID114
CID408,DID738
CID408,DID843
CID409,DID1071
CID409,DID1216
CID409,DID135
CID409,DID488
CID409,DID56
CID409,DID705
CID409,DID890
CID410,DID1145
CID410,DID1222
CID410,DID168
CID410,DID253
CID410,DID922
CID411,DID112
CID411,DID1269
CID411,DID398
CID411,DID456
CID411,DID486
CID412,DID23
CID412,DID784
CID412,DID97
CID412,DID985
CID413,DID246
CID413,DID746
CID413,DID939
CID414,DID1075
CID414,DID1419
CID414,DID188
CID414,DID561
CID414,DID772
CID415,DID735
CID416,DID1417
CID416,DID1451
CID416,DID755
CID416,DID921
CID417,DID754
CID418,DID1070
CID418,DID1177
CID418,DID288
CID418,DID653
CID418,DID888
CID419,DID1185
CID419,DID218
CID419,DID264
CID419,DID464
CID419,DID536
CID420,DID1023
CID420,DID1159
CID420,DID1216
CID420,DID231
CID420,DID958
CID421,DID1041
CID421,DID1097
CID421,DID1267
CID421,DID195
CID421,DID270
CID421,DID536
CID421,DID647
CID421,DID89
CID422,DID1355
CID422,DID1378
CID422,DID618
CID423,DID1318
CID423,DID549
CID424,DID324
CID424,DID743
CID425,DID1168
CID425,DID420
CID425,DID588
CID425,DID675
CID425,DID686
CID425,DID72
CID425,DID815
CID425,DID896
CID426,DID1023
CID426,DID1110
CID426,DID1425
CID426,DID1426
CID426,DID63
CID426,DID734
CID426,DID941
CID427,DID1185
CID427,DID737
CID427,DID91
CID428,DID221
CID428,DID586
CID428,DID694
CID429,DID1124
CID429,DID1307
CID429,DID1422
CID429,DID857
CID429,DID872
CID429,DID888
CID430,DID1218
CID431,DID1269
CID432,DID281
CID432,DID433
CID432,DID631
CID432,DID991
CID433,DID1329
CID433,DID1445
CID433,DID443
CID434,DID1244
CID434,DID334
CID435,DID1109
CID435,DID1167
CID435,DID57
CID435,DID83
CID435,DID935
CID435,DID962
CID436,DID1243
CID436,DID265
CID436,DID33
CID436,DID433
CID436,DID447
CID436,DID911
CID436,DID944
CID437,DID20
CID437,DID593
CID438,DID1090
CID438,DID229
CID438,DID829
CID439,DID1242
CID440,DID1087
CID440,DID1156
CID440,DID1360
CID440,DID267
CID440,DID393
CID440,DID455
CID441,DID622
CID442,DID219
CID442,DID457
CID442,DID573
CID443,DID1234
CID443,DID1442
CID443,DID690
CID444,DID1336
CID444,DID160
CID444,DID675
CID445,DID1229
CID445,DID793
CID445,DID914
CID446,DID1044
CID446,DID1075
CID446,DID1496
CID446,DID580
CID446,DID972
CID447,DID1121
CID447,DID1197
CID447,DID1279
CID447,DID987
CID448,DID1041
CID448,DID1218
CID448,DID1256
CID448,DID350
CID448,DID558
CID449,DID252
CID449,DID62
CID450,DID1197
CID450,DID1345
CID450,DID1382
CID450,DID627
CID451,DID1096
CID451,DID1097
CID451,DID295
CID451,DID701
CID451,DID788
CID452,DID1128
CID452,DID1260
CID452,DID335
CID452,DID406
CID452,DID559
CID453,DID1422
CID453,DID695
CID454,DID1404
CID454,DID555
CID454,DID830
CID455,DID1162
CID455,DID136
CID455,DID1377
CID455,DID17
CID455,DID251
CID455,DID401
CID455,DID698
CID456,DID158
CID457,DID294
CID458,DID586
CID459,DID1500
CID459,DID384
CID459,DID993
CID460,DID351
CID460,DID37
CID461,DID1226
CID461,DID280
CID462,DID1112
CID462,DID1204
CID462,DID1291
CID462,DID357
CID462,DID370
CID462,DID468
CID462,DID821
CID463,DID1041
CID463,DID1232
CID463,DID68
CID463,DID735
CID463,DID743
CID463,DID95
CID464,DID1242
CID464,DID266
CID464,DID700
CID464,DID747
CID464,DID784
CID464,DID840
CID464,DID890
CID465,DID1414
CID465,DID147
CID465,DID283
CID465,DID374
CID465,DID671
CID465,DID682
CID465,DID766
CID465,DID782
CID466,DID884
CID467,DID431
CID467,DID544
CID468,DID1268
CID468,DID1403
CID468,DID467
CID468,DID468
CID468,DID781
CID468,DID787
CID469,DID1147
CID469,DID1277
CID469,DID1476
CID469,DID151
CID469,DID294
CID469,DID718
CID470,DID1287
CID470,DID1449
CID470,DID184
CID470,DID425
CID470,DID637
CID470,DID926
CID471,DID1169
CID471,DID132
CID471,DID1422
CID471,DID230
CID471,DID636
CID471,DID702
CID471,DID993
CID472,DID1217
CID472,DID1233
CID473,DID1384
CID473,DID50
CID473,DID605
CID473,DID66
CID474,DID1093
CID475,DID1003
CID475,DID1191
CID475,DID1251
CID475,DID1291
CID475,DID607
CID475,DID726
CID475,DID840
CID476,DID28
CID476,DID49
CID476,DID761
CID477,DID324
CID477,DID736
CID478,DID102
CID478,DID1251
CID478,DID1270
CID478,DID151
CID478,DID255
CID478,DID262
CID478,DID538
CID478,DID899
CID479,DID1404
CID479,DID543
CID480,DID1199
CID480,DID1314
CID480,DID1386
CID480,DID155
CID480,DID796
CID480,DID965
CID481,DID1359
CID481,DID745
CID482,DID1100
CID482,DID1417
CID482,DID168
CID482,DID273
CID482,DID532
CID482,DID639
CID482,DID85
CID482,DID970
CID483,DID1104
CID483,DID401
CID484,DID466
CID484,DID523
CID484,DID644
CID484,DID771
CID485,DID1163
CID485,DID1311
CID485,DID198
CID485,DID692
CID486,DID53
CID486,DID716
CID487,DID1496
CID487,DID167
CID487,DID256
CID487,DID274
CID487,DID371
CID488,DID1314
CID488,DID147
CID488,DID845
CID489,DID1227
CID489,DID446
CID489,DID517
CID489,DID747
CID489,DID80
CID490,DID1127
CID490,DID1197
CID490,DID1446
CID490,DID589
CID490,DID671
CID491,DID1103
CID491,DID1183
CID492,DID118
CID492,DID39
CID492,DID550
CID492,DID673
CID493,DID1234
CID493,DID142
CID493,DID145
CID493,DID22
CID493,DID809
CID493,DID846
CID494,DID1009
CID494,DID1155
CID494,DID1382
CID494,DID1474
CID494,DID223
CID494,DID416
CID494,DID446
CID494,DID736
CID495,DID1101
CID495,DID1141
CID495,DID229
CID496,DID1329
CID496,DID332
CID496,DID878
CID497,DID1066
CID497,DID187
CID497,DID205
CID497,DID731
CID497,DID842
CID498,DID1147
CID498,DID374
CID498,DID701
CID498,DID872
CID498,DID882
CID498,DID99
CID499,DID790
CID500,DID146
CID500,DID43
CID500,DID482
CID500,DID693
CID501,DID1258
CID501,DID224
CID501,DID266
CID502,DID1040
CID502,DID184
CID502,DID594
CID502,DID650
CID502,DID776
CID503,DID230
CID503,DID343
CID503,DID853
CID504,DID1357
CID504,DID1373
CID504,DID409
CID504,DID58
CID504,DID990
CID505,DID1324
CID505,DID35
CID505,DID902
CID505,DID985
CID506,DID1057
CID506,DID321
CID506,DID652
CID507,DID1
CID507,DID1137
CID507,DID312
CID507,DID502
CID507,DID712
CID507,DID83
CID508,DID431
CID508,DID54
CID508,DID856
CID509,DID1240
CID509,DID965
CID510,DID1257
CID510,DID1394
CID510,DID241
CID510,DID329
CID510,DID621
CID510,DID735
CID510,DID81
CID510,DID978
CID511,DID1085
CID511,DID1416
CID511,DID306
CID511,DID437
CID511,DID489
CID511,DID931
CID512,DID48
CID512,DID919
CID512,DID930
CID513,DID1379
CID513,DID1413
CID513,DID549
CID513,DID56
CID513,DID709
CID513,DID768
CID514,DID1136
CID514,DID1484
CID514,DID48
CID514,DID622
CID515,DID350
CID515,DID547
CID515,DID571
CID515,DID857
CID516,DID1274
CID516,DID941
CID516,DID972
CID517,DID1409
CID517,DID946
CID518,DID1131
CID518,DID1240
CID518,DID166
CID518,DID213
CID518,DID226
CID518,DID282
CID518,DID431
CID519,DID1261
CID519,DID1448
CID519,DID390
CID519,DID703
CID519,DID742
CID519,DID812
CID519,DID956
CID520,DID1010
CID520,DID1362
CID520,DID1470
CID520,DID1491
CID520,DID318
CID520,DID896
CID520,DID988
CID521,DID109
CID521,DID122
CID521,DID1378
CID521,DID307
CID521,DID666
CID521,DID980
CID522,DID929
CID523,DID1126
CID523,DID517
CID523,DID654
CID523,DID918
CID523,DID921
CID524,DID1048
CID524,DID1198
CID524,DID1463
CID524,DID257
CID524,DID7
CID524,DID937
CID525,DID1083
CID525,DID521
CID525,DID576
CID526,DID1065
CID526,DID1133
CID526,DID1378
CID526,DID281
CID526,DID519
CID526,DID682
CID526,DID715
CID526,DID816
CID527,DID185
CID527,DID729
CID528,DID1345
CID528,DID1355
CID528,DID1485
CID528,DID156
CID528,DID329
CID528,DID344
CID528,DID376
CID528,DID504
CID529,DID1266
CID529,DID174
CID529,DID451
CID529,DID492
CID529,DID513
CID529,DID855
CID530,DID111
CID530,DID470
CID531,DID1218
CID532,DID1326
CID533,DID1051
CID533,DID1231
CID533,DID216
CID533,DID319
CID533,DID407
CID533,DID666
CID533,DID888
CID533,DID890
CID534,DID324
CID534,DID344
CID534,DID771
CID534,DID801
CID534,DID813
CID535,DID1245
CID535,DID341
CID535,DID368
CID535,DID392
CID535,DID462
CID535,DID879
CID535,DID938
CID535,DID943
CID536,DID1017
CID536,DID1029
CID536,DID1128
CID536,DID1446
CID536,DID964
CID537,DID1245
CID537,DID521
CID537,DID918
CID538,DID832
CID539,DID1197
CID539,DID1211
CID539,DID1225
CID539,DID434
CID539,DID439
CID539,DID573
CID539,DID639
CID539,DID881
CID540,DID1158
CID540,DID466
CID540,DID521
CID541,DID1342
CID541,DID1400
CID541,DID323
CID541,DID548
CID541,DID654
CID542,DID200
CID542,DID325
CID542,DID382
CID542,DID504
CID542,DID77
CID542,DID997
CID543,DID765
CID544,DID1485
CID544,DID247
CID544,DID622
CID544,DID724
CID544,DID920
CID545,DID1422
CID545,DID39
CID545,DID807
CID545,DID912
CID545,DID94
CID546,DID1417
CID547,DID1211
CID547,DID1474
CID547,DID499
CID548,DID1093
CID548,DID1482
CID548,DID440
CID548,DID686
CID549,DID1036
CID549,DID226
CID549,DID25
CID549,DID32
CID549,DID81
CID550,DID1057
CID550,DID1104
CID550,DID1491
CID550,DID200
CID550,DID280
CID550,DID431
CID550,DID448
CID550,DID646
CID551,DID1040
CID551,DID1100
CID551,DID1463
CID551,DID1480
CID551,DID337
CID551,DID441
CID551,DID60
CID551,DID679
CID552,DID574
CID553,DID199
CID553,DID52
CID553,DID58
CID553,DID964
CID554,DID1112
CID554,DID1138
CID554,DID1389
CID555,DID775
CID556,DID541
CID556,DID638
CID556,DID986
CID557,DID1301
CID557,DID410
CID557,DID63
CID557,DID907
CID557,DID966
CID558,DID175
CID558,DID539
CID558,DID834
CID558,DID881
CID558,DID978
CID559,DID1424
CID559,DID233
CID559,DID261
CID559,DID961
CID560,DID36
CID561,DID264
CID561,DID802
CID562,DID1286
CID562,DID1361
CID562,DID427
CID563,DID1183
CID563,DID1394
CID563,DID426
CID563,DID657
CID563,DID749
CID563,DID78
CID564,DID1100
CID564,DID113
CID564,DID1265
CID564,DID689
CID565,DID490
CID565,DID699
CID566,DID502
CID567,DID1246
CID567,DID146
CID567,DID457
CID567,DID492
CID568,DID1015
CID568,DID303
CID568,DID381
CID568,DID586
CID568,DID893
CID569,DID863
CID570,DID12
CID570,DID1364
CID571,DID1165
CID572,DID115
CID572,DID1229
CID572,DID1318
CID572,DID700
CID572,DID804
CID573,DID274
CID573,DID518
CID573,DID545
CID574,DID1436
CID574,DID146
CID574,DID16
CID574,DID415
CID575,DID148
CID575,DID196
CID575,DID252
CID575,DID515
CID575,DID561
CID575,DID702
CID575,DID968
CID576,DID120
CID576,DID418
CID576,DID968
CID577,DID1468
CID577,DID36
CID578,DID617
CID579,DID1175
CID579,DID658
CID580,DID1064
CID580,DID1146
CID580,DID1293
CID580,DID1341
CID580,DID476
CID580,DID560
CID580,DID640
CID581,DID321
CID582,DID1287
CID582,DID343
CID582,DID418
CID583,DID1079
CID583,DID32
CID583,DID445
CID583,DID747
CID584,DID1035
CID584,DID1167
CID584,DID515
CID585,DID446
CID585,DID475
CID586,DID135
CID586,DID608
CID586,DID833
CID587,DID1429
CID587,DID1471
CID587,DID272
CID587,DID336
CID587,DID481
CID587,DID845
CID587,DID954
CID587,DID996
CID588,DID1455
CID588,DID426
CID588,DID487
CID589,DID708
CID589,DID875
CID589,DID879
CID590,DID1397
CID591,DID1342
CID591,DID1474
CID591,DID269
CID591,DID641
CID591,DID840
CID592,DID1242
CID592,DID203
CID592,DID772
CID593,DID426
CID593,DID527
CID593,DID739
CID593,DID804
CID593,DID914
CID594,DID1050
CID594,DID115
CID594,DID1366
CID594,DID206
CID594,DID517
CID594,DID658
CID594,DID754
CID594,DID802
CID595,DID1272
CID595,DID1369
CID595,DID419
CID595,DID90
CID596,DID1124
CID596,DID1200
CID596,DID399
CID596,DID520
CID596,DID659
CID597,DID1457
CID597,DID431
CID597,DID725
CID597,DID921
CID598,DID16
CID598,DID293
CID598,DID974
CID599,DID1022
CID599,DID1462
CID599,DID179
CID599,DID384
CID599,DID41
CID600,DID1044
CID600,DID1353
CID600,DID141
CID600,DID268
CID600,DID314
CID600,DID483
CID600,DID6
CID600,DID648
CID601,DID1059
CID601,DID1150
CID601,DID1375
CID602,DID678
CID603,DID1073
CID603,DID165
CID604,DID1260
CID604,DID542
CID605,DID904
CID606,DID1306
CID606,DID1346
CID606,DID734
CID607,DID161
CID608,DID1198
CID608,DID397
CID609,DID1156
CID609,DID1458
CID609,DID300
CID609,DID456
CID609,DID947
CID610,DID1492
CID610,DID5
CID610,DID511
CID611,DID454
CID612,DID212
CID613,DID1159
CID613,DID1298
CID613,DID819
CID613,DID82
CID614,DID198
CID614,DID252
CID615,DID1202
CID615,DID1318
CID615,DID1371
CID615,DID1459
CID615,DID264
CID615,DID673
CID615,DID788
CID615,DID96
CID616,DID1157
CID616,DID886
CID617,DID1332
CID617,DID1428
CID617,DID1474
CID617,DID632
CID617,DID706
CID617,DID867
CID617,DID985
CID618,DID1133
CID618,DID122
CID618,DID200
CID618,DID216
CID618,DID321
CID618,DID396
CID618,DID569
CID618,DID602
CID619,DID1260
CID619,DID1282
CID619,DID1439
CID619,DID1451
CID619,DID265
CID619,DID310
CID619,DID389
CID620,DID112
CID620,DID1396
CID620,DID234
CID620,DID340
CID620,DID736
CID620,DID738
CID620,DID948
CID621,DID1243
CID621,DID1318
CID621,DID496
CID622,DID1203
CID622,DID1362
CID622,DID1454
CID622,DID404
CID622,DID56
CID623,DID1033
CID623,DID243
CID623,DID381
CID623,DID858
CID624,DID1010
CID624,DID1150
CID624,DID1152
CID624,DID1410
CID624,DID157
CID625,DID715
CID626,DID1204
CID626,DID245
CID626,DID419
CID626,DID667
CID626,DID881
CID627,DID1114
CID627,DID216
CID627,DID258
CID627,DID72
CID628,DID1242
CID628,DID1246
CID628,DID140
CID628,DID364
CID628,DID774
CID628,DID802
CID629,DID1106
CID629,DID1157
CID629,DID1164
CID629,DID518
CID629,DID631
CID629,DID79
CID629,DID904
CID630,DID1121
CID630,DID1377
CID630,DID1397
CID630,DID198
CID630,DID929
CID630,DID936
CID630,DID993
CID631,DID1006
CID631,DID270
CID631,DID443
CID631,DID804
CID632,DID1011
CID632,DID114
CID632,DID237
CID632,DID60
CID633,DID864
CID633,DID957
CID633,DID966
CID634,DID157
CID634,DID303
CID634,DID437
CID634,DID45
CID634,DID70
CID634,DID856
CID634,DID958
CID635,DID1314
CID635,DID785
CID635,DID821
CID635,DID878
CID636,DID821
CID637,DID1161
CID637,DID1265
CID637,DID1495
CID637,DID866
CID638,DID1059
CID638,DID1166
CID638,DID1182
CID638,DID31
CID638,DID674
CID639,DID1470
CID639,DID171
CID639,DID572
CID640,DID1012
CID640,DID1085
CID640,DID1391
CID640,DID229
CID640,DID785
CID641,DID686
CID642,DID219
CID643,DID1030
CID643,DID107
CID643,DID1202
CID643,DID1356
CID643,DID1429
CID643,DID325
CID643,DID781
CID644,DID1097
CID644,DID53
CID645,DID1088
CID645,DID1205
CID645,DID222
CID645,DID735
CID645,DID860
CID645,DID935
CID645,DID948
CID646,DID126
CID646,DID147
CID646,DID294
CID646,DID322
CID646,DID354
CID646,DID434
CID646,DID688
CID647,DID1472
CID647,DID226
CID647,DID802
CID648,DID203
CID648,DID261
CID648,DID377
CID648,DID435
CID648,DID721
CID648,DID822
CID649,DID1037
CID649,DID1121
CID649,DID687
CID649,DID852
CID649,DID96
CID649,DID960
CID650,DID33
CID651,DID1084
CID651,DID1499
CID651,DID193
CID651,DID591
CID651,DID870
CID652,DID1064
CID652,DID1194
CID652,DID125
CID652,DID24
CID652,DID491
CID652,DID940
CID653,DID1418
CID653,DID30
CID654,DID1153
CID654,DID259
CID655,DID1365
CID655,DID1446
CID655,DID339
CID655,DID461
CID655,DID596
CID655,DID927
CID655,DID976
CID656,DID1169
CID656,DID1382
CID657,DID1213
CID657,DID1386
CID657,DID269
CID657,DID35
CID657,DID760
CID657,DID934
CID657,DID947
CID658,DID1004
CID658,DID1043
CID658,DID306
CID658,DID310
CID658,DID370
CID658,DID824
CID659,DID1443
CID659,DID418
CID659,DID685
CID660,DID1010
CID660,DID1155
CID660,DID210
CID660,DID34
CID660,DID386
CID660,DID507
CID661,DID1028
CID661,DID1434
CID661,DID1442
CID661,DID476
CID661,DID68
CID662,DID1186
CID662,DID1421
CID662,DID247
CID662,DID421
CID662,DID642
CID662,DID896
CID662,DID931
CID663,DID1220
CID663,DID365
CID663,DID895
CID663,DID938
CID664,DID1093
CID664,DID1157
CID664,DID1271
CID664,DID1284
CID664,DID201
CID664,DID491
CID664,DID667
CID665,DID1055
CID666,DID1406
CID666,DID319
CID667,DID1274
CID667,DID389
CID667,DID399
CID667,DID665
CID667,DID678
CID667,DID700
CID667,DID735
CID667,DID92
CID668,DID1483
CID668,DID217
CID668,DID605
CID668,DID670
CID668,DID830
CID669,DID1086
CID669,DID317
CID669,DID709
CID670,DID1167
CID670,DID1398
CID670,DID146
CID670,DID363
CID670,DID73
CID670,DID959
CID671,DID674
CID671,DID903
CID672,DID1150
CID672,DID1265
CID672,DID145
CID672,DID219
CID673,DID1336
CID673,DID145
CID673,DID231
CID673,DID316
CID673,DID404
CID673,DID824
CID673,DID863
CID674,DID42
CID674,DID650
CID674,DID875
CID675,DID232
CID675,DID384
CID675,DID534
CID676,DID261
CID676,DID923
CID677,DID1089
CID677,DID1151
CID677,DID339
CID677,DID563
CID677,DID941
CID677,DID96
CID678,DID1130
CID678,DID1151
CID678,DID1152
CID678,DID1463
CID678,DID175
CID678,DID799
CID678,DID955
CID679,DID1
CID679,DID1229
CID679,DID1291
CID679,DID1370
CID679,DID559
CID680,DID381
CID681,DID1429
CID681,DID273
CID681,DID543
CID681,DID62
CID682,DID1222
CID683,DID1083
CID683,DID1122
CID683,DID432
CID683,DID755
CID684,DID1107
CID684,DID1230
CID684,DID1277
CID684,DID1333
CID684,DID1481
CID684,DID17
CID684,DID245
CID684,DID744
CID685,DID1081
CID685,DID1125
CID685,DID1193
CID685,DID1275
CID685,DID1352
CID685,DID647
CID685,DID793
CID686,DID1497
CID686,DID871
CID687,DID1059
CID687,DID1239
CID688,DID1255
CID688,DID1335
CID688,DID377
CID689,DID806
CID690,DID471
CID691,DID1014
CID691,DID143
CID691,DID1479
CID692,DID1090
CID692,DID620
CID692,DID849
CID693,DID1350
CID693,DID274
CID693,DID434
CID693,DID49
CID693,DID514
CID694,DID1191
CID695,DID1041
CID695,DID1093
CID695,DID1274
CID695,DID1337
CID695,DID1419
CID695,DID3
CID696,DID1004
CID696,DID146
CID696,DID1474
CID696,DID234
CID696,DID477
CID696,DID931
CID697,DID147
CID697,DID252
CID697,DID767
CID697,DID817
CID698,DID108
CID699,DID1192
CID699,DID343
CID699,DID43
CID699,DID510
CID699,DID569
CID699,DID826
CID699,DID853
CID700,DID1359
CID700,DID1472
CID700,DID492
CID700,DID554
CID701,DID1344
CID701,DID299
CID701,DID318
CID701,DID827
CID701,DID873
CID702,DID1030
CID702,DID1129
CID702,DID154
CID702,DID190
CID702,DID305
CID702,DID34
CID702,DID466
CID702,DID94
CID703,DID158
CID704,DID1472
CID704,DID215
CID704,DID422
CID704,DID70
CID705,DID122
CID705,DID1420
CID705,DID1460
CID705,DID830
CID705,DID841
CID705,DID908
CID706,DID1064
CID706,DID40
CID707,DID1080
CID707,DID1122
CID707,DID1323
CID707,DID1481
CID707,DID330
CID707,DID373
CID707,DID507
CID708,DID566
CID709,DID903
CID709,DID920
CID710,DID1363
CID710,DID412
CID711,DID533
CID712,DID145
CID712,DID786
CID713,DID1485
CID713,DID15
CID713,DID366
CID713,DID863
CID713,DID871
CID714,DID1031
CID714,DID1448
CID714,DID457
CID714,DID69
CID714,DID800
CID715,DID405
CID715,DID638
CID715,DID852
CID716,DID1019
CID716,DID1275
CID716,DID1407
CID716,DID1495
CID716,DID561
CID716,DID59
CID716,DID925
CID717,DID1456
CID717,DID1477
CID717,DID1478
CID717,DID1480
CID717,DID366
CID717,DID675
CID717,DID693
CID717,DID85
CID718,DID504
CID719,DID114
CID719,DID1147
CID720,DID1300
CID720,DID4
CID720,DID668
CID720,DID991
CID721,DID1203
CID721,DID659
CID722,DID1033
CID722,DID1365
CID722,DID433
CID722,DID493
CID722,DID530
CID722,DID596
CID722,DID841
CID722,DID925
CID723,DID589
CID724,DID424
CID724,DID450
CID725,DID1090
CID725,DID1247
CID725,DID1343
CID726,DID299
CID726,DID351
CID727,DID1195
CID727,DID25
CID727,DID756
CID728,DID116
CID728,DID435
CID728,DID45
CID728,DID66
CID728,DID956
CID729,DID1153
CID729,DID1309
CID729,DID263
CID729,DID33
CID729,DID553
CID729,DID965
CID730,DID1115
CID730,DID1169
CID731,DID1026
CID731,DID1130
CID731,DID1236
CID731,DID1246
CID731,DID1444
CID731,DID1500
CID731,DID60
CID732,DID1068
CID732,DID1125
CID732,DID1187
CID732,DID221
CID732,DID952
CID733,DID204
CID734,DID1152
CID734,DID1320
CID734,DID1328
CID734,DID143
CID734,DID1461
CID734,DID153
CID734,DID18
CID735,DID1146
CID735,DID1274
CID735,DID64
CID735,DID853
CID735,DID87
CID736,DID221
CID736,DID697
CID737,DID1153
CID737,DID538
CID737,DID634
CID738,DID1188
CID738,DID119
CID738,DID1333
CID738,DID580
CID738,DID690
CID738,DID731
CID739,DID292
CID739,DID421
CID740,DID1071
CID740,DID132
CID741,DID1347
CID741,DID1384
CID741,DID808
CID742,DID2
CID743,DID112
CID743,DID424
CID744,DID1245
CID744,DID184
CID745,DID1128
CID746,DID1364
CID746,DID217
CID746,DID49
CID747,DID263
CID747,DID322
CID748,DID1303
CID748,DID15
CID748,DID152
CID748,DID407
CID748,DID432
CID748,DID468
CID748,DID638
CID748,DID742
CID749,DID1138
CID749,DID191
CID749,DID426
CID749,DID755
CID750,DID1202
CID750,DID142
CID750,DID1491
CID750,DID884
CID750,DID929
CID751,DID1248
CID751,DID1359
CID751,DID1375
CID751,DID1484
CID751,DID495
CID751,DID571
CID751,DID80
CID751,DID917
CID752,DID1124
CID752,DID1243
CID752,DID240
CID752,DID290
CID752,DID856
CID753,DID1481
CID753,DID276
CID753,DID824
CID754,DID1073
CID754,DID3
CID754,DID361
CID754,DID510
CID754,DID651
CID755,DID581
CID755,DID783
CID756,DID1112
CID756,DID403
CID757,DID1315
CID757,DID182
CID757,DID239
CID757,DID525
CID757,DID833
CID757,DID954
CID758,DID1376
CID758,DID212
CID758,DID937
CID759,DID1296
CID759,DID672
CID760,DID1325
CID760,DID211
CID761,DID127
CID761,DID1378
CID761,DID590
CID762,DID1412
CID762,DID147
CID762,DID337
CID762,DID552
CID762,DID874
CID763,DID829
CID764,DID324
CID764,DID337
CID764,DID473
CID764,DID925
CID765,DID205
CID765,DID231
CID765,DID498
CID765,DID621
CID765,DID645
CID765,DID68
CID765,DID703
CID766,DID620
CID766,DID833
CID767,DID1374
CID767,DID501
CID767,DID64
CID768,DID1092
CID768,DID292
CID768,DID349
CID768,DID448
CID768,DID796
CID768,DID908
CID769,DID1217
CID770,DID1437
CID771,DID425
CID771,DID748
CID772,DID312
CID772,DID439
CID773,DID317
CID774,DID110
CID774,DID1406
CID774,DID33
CID774,DID469
CID774,DID621
CID775,DID1153
CID775,DID1191
CID775,DID1340
CID775,DID240
CID775,DID289
CID775,DID296
CID775,DID675
CID776,DID1060
CID776,DID1079
CID776,DID2
CID776,DID421
CID776,DID537
CID776,DID591
CID776,DID602
CID776,DID632
CID777,DID1476
CID777,DID344
CID777,DID465
CID778,DID1053
CID778,DID1067
CID778,DID1282
CID778,DID141
CID778,DID24
CID778,DID269
CID778,DID306
CID779,DID1020
CID779,DID1188
CID779,DID1225
CID779,DID138
CID779,DID789
CID779,DID812
CID779,DID849
CID779,DID952
CID780,DID1117
CID780,DID1489
CID780,DID29
CID781,DID1042
CID781,DID1111
CID781,DID1244
CID782,DID938
CID783,DID1106
CID783,DID123
CID783,DID1293
CID783,DID1430
CID783,DID411
CID784,DID1194
CID785,DID1104
CID785,DID1143
CID785,DID116
CID785,DID1195
CID785,DID28
CID785,DID390
CID785,DID907
CID786,DID877
CID786,DID978
CID787,DID1209
CID787,DID267
CID787,DID325
CID787,DID427
CID787,DID537
CID787,DID910
CID787,DID914
CID788,DID1345
CID788,DID434
CID789,DID1021
CID789,DID1406
CID789,DID399
CID789,DID932
CID790,DID190
CID791,DID1044
CID791,DID791
CID792,DID1151
CID792,DID1393
CID792,DID301
CID792,DID589
CID792,DID781
CID792,DID808
CID792,DID841
CID793,DID1428
CID794,DID1030
CID794,DID1464
CID794,DID760
CID795,DID1249
CID795,DID1345
CID795,DID1402
CID795,DID767
CID796,DID943
CID797,DID154
CID797,DID268
CID797,DID954
CID798,DID420
CID798,DID465
CID799,DID895
CID800,DID179
CID801,DID1193
CID801,DID203
CID801,DID418
CID801,DID432
CID801,DID46
CID801,DID535
CID801,DID537
CID802,DID1207
CID802,DID1359
CID802,DID170
CID802,DID331
CID802,DID485
CID802,DID779
CID802,DID937
CID803,DID300
CID804,DID114
CID804,DID1414
CID804,DID202
CID804,DID784
CID804,DID803
CID804,DID820
CID804,DID980
CID804,DID989
CID805,DID1325
CID806,DID1082
CID806,DID1303
CID806,DID613
CID806,DID791
CID806,DID911
CID807,DID277
CID807,DID783
CID807,DID989
CID808,DID692
CID809,DID267
CID810,DID164
CID810,DID742
CID810,DID84
CID810,DID965
CID811,DID239
CID811,DID246
CID811,DID956
CID812,DID1061
CID812,DID1106
CID812,DID167
CID812,DID412
CID812,DID944
CID813,DID1327
CID813,DID19
CID813,DID377
CID814,DID684
CID815,DID1041
CID815,DID1071
CID815,DID1177
CID815,DID1224
CID816,DID1249
CID816,DID1270
CID816,DID274
CID817,DID1098
CID817,DID1190
CID817,DID1493
CID817,DID276
CID817,DID348
CID817,DID829
CID817,DID969
CID818,DID1021
CID818,DID1395
CID818,DID1475
CID818,DID278
CID818,DID303
CID818,DID331
CID818,DID899
CID819,DID389
CID819,DID629
CID819,DID888
CID820,DID1346
CID820,DID43
CID820,DID750
CID820,DID937
CID821,DID1076
CID821,DID114
CID821,DID525
CID822,DID1005
CID822,DID1088
CID822,DID454
CID823,DID1352
CID824,DID1449
CID824,DID223
CID824,DID383
CID824,DID710
CID825,DID1240
CID825,DID1286
CID825,DID1489
CID825,DID167
CID825,DID469
CID825,DID826
CID825,DID855
CID826,DID1078
CID826,DID261
CID827,DID1362
CID827,DID426
CID827,DID870
CID828,DID612
CID828,DID620
CID828,DID855
CID828,DID996
CID829,DID30
CID829,DID535
CID829,DID660
CID829,DID750
CID830,DID87
CID830,DID883
CID831,DID1204
CID831,DID1407
CID831,DID889
CID832,DID344
CID832,DID912
CID832,DID962
CID833,DID1442
CID833,DID406
CID833,DID444
CID833,DID465
CID833,DID735
CID833,DID880
CID834,DID1320
CID834,DID1335
CID834,DID1391
CID834,DID654
CID834,DID668
CID834,DID842
CID835,DID410
CID836,DID1416
CID837,DID1072
CID837,DID1137
CID837,DID171
CID837,DID862
CID837,DID924
CID838,DID1017
CID838,DID1486
CID838,DID292
CID838,DID365
CID838,DID580
CID838,DID637
CID838,DID694
CID839,DID1153
CID839,DID1399
CID839,DID847
CID839,DID923
CID840,DID16
CID841,DID1187
CID841,DID319
CID841,DID549
CID842,DID1032
CID842,DID1184
CID842,DID247
CID842,DID358
CID842,DID831
CID842,DID90
CID842,DID902
CID843,DID237
CID843,DID67
CID843,DID83
CID844,DID1085
CID844,DID875
CID845,DID1061
CID845,DID1089
CID845,DID1254
CID846,DID1079
CID846,DID1354
CID846,DID1475
CID847,DID110
CID847,DID1467
CID847,DID2
CID847,DID256
CID847,DID265
CID847,DID677
CID847,DID835
CID847,DID981
CID848,DID1268
CID848,DID674
CID849,DID122
CID849,DID1226
CID849,DID216
CID849,DID241
CID849,DID281
CID849,DID294
CID849,DID681
CID850,DID774
CID851,DID1171
CID851,DID981
CID852,DID1131
CID852,DID176
CID852,DID69
CID853,DID237
CID853,DID32
CID853,DID43
CID854,DID1493
CID854,DID496
CID855,DID1099
CID855,DID1264
CID855,DID1354
CID855,DID1432
CID855,DID421
CID855,DID864
CID855,DID879
CID856,DID1021
CID856,DID1202
CID856,DID1229
CID856,DID1350
CID856,DID60
CID857,DID1129
CID857,DID65
CID858,DID1170
CID858,DID151
CID858,DID224
CID858,DID538
CID859,DID1096
CID859,DID93
CID860,DID1054
CID860,DID1264
CID860,DID310
CID861,DID1401
CID861,DID154
CID861,DID199
CID861,DID528
CID861,DID669
CID861,DID679
CID861,DID831
CID861,DID957
CID862,DID1146
CID862,DID28
CID863,DID1061
CID863,DID1068
CID863,DID1245
CID863,DID1273
CID863,DID1434
CID863,DID166
CID863,DID738
CID864,DID1058
CID864,DID418
CID864,DID759
CID865,DID1110
CID865,DID957
CID866,DID1103
CID866,DID1498
CID866,DID451
CID866,DID79
CID867,DID1020
CID867,DID130
CID867,DID338
CID867,DID490
CID867,DID518
CID868,DID553
CID868,DID573
CID868,DID613
CID868,DID64
CID868,DID885
CID868,DID968
CID869,DID1030
CID869,DID1146
CID869,DID123
CID869,DID1325
CID869,DID1490
CID869,DID193
CID869,DID542
CID869,DID699
CID870,DID164
CID870,DID373
CID870,DID459
CID871,DID300
CID871,DID337
CID871,DID345
CID871,DID959
CID872,DID113
CID872,DID480
CID872,DID644
CID873,DID1453
CID873,DID381
CID874,DID266
CID874,DID402
CID875,DID1084
CID875,DID1414
CID875,DID1456
CID876,DID1028
CID877,DID1208
CID877,DID1290
CID877,DID1402
CID877,DID185
CID877,DID343
CID877,DID594
CID877,DID640
CID878,DID514
CID879,DID1062
CID879,DID1234
CID879,DID1469
CID879,DID394
CID879,DID739
CID880,DID1009
CID880,DID1119
CID880,DID1482
CID880,DID437
CID880,DID552
CID880,DID657
CID880,DID781
CID880,DID832
CID881,DID1063
CID881,DID1207
CID881,DID242
CID881,DID495
CID881,DID585
CID881,DID850
CID881,DID862
CID882,DID1357
CID883,DID1243
CID883,DID1338
CID883,DID295
CID883,DID450
CID883,DID84
CID884,DID166
CID884,DID418
CID885,DID1087
CID885,DID450
CID885,DID458
CID885,DID472
CID885,DID635
CID886,DID265
CID887,DID1029
CID887,DID1034
CID887,DID266
CID887,DID762
CID888,DID1039
CID888,DID1396
CID888,DID323
CID888,DID471
CID888,DID508
CID889,DID220
CID889,DID40
CID889,DID401
CID889,DID912
CID890,DID589
CID891,DID256
CID891,DID547
CID892,DID1121
CID892,DID1402
CID892,DID343
CID892,DID457
CID892,DID551
CID892,DID631
CID892,DID658
CID892,DID82
CID893,DID1164
CID893,DID255
CID893,DID356
CID893,DID396
CID893,DID970
CID893,DID979
CID894,DID1160
CID894,DID1246
CID894,DID1253
CID894,DID1354
CID894,DID419
CID894,DID531
CID894,DID761
CID894,DID930
CID895,DID1429
CID895,DID717
CID896,DID1269
CID896,DID454
CID896,DID609
CID896,DID756
CID896,DID884
CID896,DID941
CID897,DID1224
CID897,DID1464
CID897,DID223
CID897,DID449
CID897,DID635
CID898,DID1154
CID898,DID323
CID898,DID918
CID899,DID1271
CID899,DID1458
CID899,DID1492
CID899,DID493
CID899,DID52
CID900,DID430
CID901,DID1074
CID901,DID1098
CID901,DID1288
CID901,DID333
CID901,DID346
CID901,DID449
CID901,DID542
CID901,DID544
CID902,DID116
CID902,DID406
CID902,DID472
CID902,DID61
CID902,DID873
CID902,DID879
CID903,DID1008
CID903,DID1154
CID903,DID1186
CID903,DID210
CID903,DID265
CID903,DID453
CID903,DID869
CID903,DID985
CID904,DID165
CID904,DID863
CID905,DID1355
CID905,DID1366
CID905,DID224
CID905,DID323
CID905,DID448
CID905,DID560
CID906,DID1048
CID906,DID160
CID906,DID775
CID906,DID856
CID906,DID868
CID906,DID936
CID907,DID1134
CID907,DID1319
CID907,DID247
CID907,DID601
CID907,DID621
CID907,DID657
CID907,DID758
CID907,DID87
CID908,DID1290
CID908,DID97
CID908,DID988
CID909,DID1224
CID909,DID356
CID909,DID445
CID909,DID686
CID909,DID840
CID910,DID1322
CID910,DID678
CID910,DID751
CID911,DID1417
CID911,DID218
CID911,DID277
CID911,DID643
CID911,DID721
CID912,DID110
CID912,DID1352
CID912,DID210
CID913,DID1368
CID914,DID989
CID915,DID1272
CID915,DID1405
CID915,DID1477
CID915,DID462
CID915,DID978
CID916,DID1401
CID916,DID1416
CID916,DID235
CID916,DID351
CID916,DID502
CID916,DID595
CID916,DID981
CID917,DID1145
CID917,DID294
CID917,DID327
CID917,DID766
CID917,DID954
CID917,DID972
CID918,DID1040
CID918,DID1051
CID918,DID1336
CID918,DID1350
CID918,DID48
CID918,DID565
CID918,DID595
CID918,DID649
CID919,DID1134
CID919,DID1401
CID919,DID393
CID920,DID1406
CID920,DID1407
CID920,DID1439
CID920,DID493
CID920,DID970
CID920,DID983
CID921,DID1274
CID921,DID1457
CID921,DID336
CID922,DID1262
CID922,DID1324
CID922,DID1332
CID922,DID230
CID922,DID405
CID922,DID461
CID922,DID969
CID923,DID450
CID923,DID969
CID924,DID838
CID925,DID1153
CID925,DID1322
CID925,DID221
CID925,DID515
CID926,DID1029
CID927,DID817
CID928,DID1214
CID928,DID1388
CID928,DID222
CID928,DID815
CID929,DID1150
CID929,DID1446
CID929,DID1475
CID929,DID20
CID929,DID797
CID929,DID866
CID929,DID894
CID930,DID104
CID930,DID1074
CID930,DID296
CID930,DID547
CID930,DID549
CID930,DID555
CID930,DID9
CID931,DID1172
CID931,DID1442
CID931,DID156
CID931,DID456
CID931,DID653
CID931,DID975
CID932,DID1074
CID933,DID1162
CID933,DID191
CID933,DID789
CID934,DID1146
CID934,DID1148
CID934,DID1249
CID934,DID201
CID934,DID292
CID935,DID1009
CID935,DID1280
CID935,DID1340
CID935,DID1427
CID935,DID355
CID935,DID640
CID935,DID814
CID936,DID44
CID936,DID739
CID936,DID858
CID937,DID1142
CID937,DID192
CID937,DID343
CID937,DID55
CID937,DID638
CID937,DID825
CID937,DID960
CID937,DID982
CID938,DID1228
CID938,DID274
CID938,DID405
CID938,DID477
CID938,DID770
CID938,DID789
CID939,DID1274
CID939,DID1287
CID939,DID1328
CID939,DID1451
CID939,DID242
CID939,DID57
CID940,DID57
CID940,DID699
CID941,DID104
CID941,DID211
CID941,DID251
CID941,DID388
CID941,DID460
CID941,DID66
CID941,DID794
CID942,DID1000
CID943,DID1201
CID943,DID1428
CID943,DID248
CID943,DID769
CID943,DID817
CID943,DID927
CID943,DID948
CID944,DID130
CID945,DID1191
CID946,DID1212
CID946,DID1228
CID946,DID1476
CID946,DID649
CID946,DID803
CID946,DID958
CID947,DID1314
CID947,DID1419
CID947,DID496
CID947,DID63
CID947,DID649
CID947,DID917
CID948,DID1009
CID948,DID1424
CID948,DID292
CID948,DID868
CID949,DID1333
CID949,DID411
CID949,DID453
CID950,DID1465
CID950,DID449
CID950,DID678
CID950,DID754
CID950,DID902
CID951,DID114
CID951,DID129
CID951,DID341
CID951,DID597
CID951,DID774
CID952,DID105
CID952,DID1403
CID952,DID339
CID952,DID379
CID952,DID785
CID952,DID949
CID953,DID1122
CID953,DID1450
CID953,DID227
CID953,DID549
CID953,DID557
CID953,DID611
CID953,DID758
CID953,DID890
CID954,DID1188
CID954,DID1248
CID954,DID1489
CID954,DID155
CID954,DID649
CID954,DID8
CID955,DID1470
CID955,DID300
CID955,DID765
CID955,DID767
CID956,DID1169
CID956,DID1294
CID956,DID297
CID956,DID377
CID957,DID1104
CID957,DID1220
CID957,DID1346
CID958,DID1388
CID959,DID606
CID959,DID74
CID959,DID990
CID960,DID1178
CID960,DID136
CID960,DID194
CID960,DID219
CID961,DID1311
CID961,DID274
CID961,DID324
CID961,DID360
CID961,DID780
CID961,DID816
CID961,DID954
CID962,DID1213
CID962,DID165
CID962,DID743
CID962,DID758
CID962,DID8
CID963,DID70
CID964,DID1033
CID964,DID147
CID964,DID436
CID964,DID877
CID965,DID277
CID965,DID564
CID966,DID1177
CID966,DID127
CID966,DID19
CID966,DID222
CID966,DID436
CID966,DID76
CID967,DID1112
CID968,DID153
CID968,DID431
CID968,DID891
CID968,DID935
CID968,DID976
CID969,DID382
CID970,DID1282
CID970,DID340
CID970,DID929
CID971,DID1306
CID971,DID1433
CID971,DID39
CID971,DID507
CID971,DID66
CID971,DID807
CID971,DID865
CID972,DID1253
CID972,DID1351
CID972,DID1359
CID972,DID629
CID973,DID1495
CID973,DID209
CID973,DID589
CID973,DID625
CID974,DID168
CID974,DID42
CID975,DID1069
CID975,DID1227
CID975,DID1274
CID976,DID1219
CID976,DID1336
CID976,DID1434
CID976,DID163
CID976,DID396
CID976,DID834
CID977,DID1229
CID978,DID1141
CID978,DID1175
CID978,DID222
CID978,DID287
CID978,DID416
CID978,DID601
CID979,DID57
CID979,DID63
CID979,DID888
CID980,DID1487
CID980,DID329
CID980,DID424
CID980,DID533
CID980,DID817
CID980,DID905
CID980,DID952
CID981,DID1041
CID981,DID1276
CID981,DID25
CID981,DID493
CID981,DID553
CID981,DID650
CID981,DID987
CID982,DID1425
CID982,DID433
CID982,DID756
CID982,DID796
CID983,DID1157
CID983,DID1324
CID983,DID394
CID983,DID469
CID984,DID1384
CID984,DID226
CID984,DID473
CID984,DID631
CID984,DID804
CID985,DID132
CID985,DID1482
CID985,DID1494
CID985,DID538
CID985,DID784
CID985,DID857
CID986,DID1274
CID986,DID251
CID987,DID1164
CID987,DID918
CID988,DID1214
CID988,DID1404
CID988,DID298
CID988,DID350
CID988,DID41
CID988,DID542
CID988,DID577
CID988,DID89
CID989,DID1152
CID989,DID53
CID990,DID101
CID990,DID1326
CID990,DID304
CID990,DID58
CID990,DID683
CID990,DID905
CID991,DID1034
CID991,DID1331
CID991,DID158
CID991,DID432
CID991,DID499
CID991,DID68
CID991,DID828
CID992,DID900
CID993,DID1265
CID993,DID1351
CID993,DID1472
CID993,DID159
CID993,DID291
CID993,DID646
CID993,DID688
CID994,DID1121
CID994,DID704
CID995,DID1214
CID995,DID340
CID995,DID803
CID996,DID1108
CID996,DID1275
CID996,DID1308
CID996,DID1310
CID996,DID1436
CID996,DID227
CID996,DID375
CID996,DID433
CID997,DID1328
CID997,DID1416
CID997,DID157
CID998,DID1118
CID998,DID1127
CID998,DID1208
CID998,DID19
CID998,DID451
CID998,DID594
CID998,DID75
CID998,DID84
CID999,DID1088
CID999,DID144
CID999,DID851
CID999,DID883
CID999,DID9
CID1000,DID1378
CID1001,DID1086
CID1001,DID1186
CID1001,DID1344
CID1001,DID3
CID1001,DID439
CID1001,DID649
CID1001,DID986
CID1002,DID172
CID1003,DID1000
CID1003,DID174
CID1003,DID497
CID1004,DID1059
CID1004,DID1404
CID1004,DID1493
CID1004,DID409
CID1004,DID574
CID1004,DID721
CID1004,DID826
CID1004,DID909
CID1005,DID1005
CID1005,DID1043
CID1005,DID163
CID1005,DID234
CID1005,DID291
CID1005,DID447
CID1005,DID825
CID1006,DID1319
CID1006,DID961
CID1007,DID1257
CID1007,DID128
CID1007,DID1331
CID1007,DID352
CID1007,DID376
CID1007,DID610
CID1008,DID1173
CID1008,DID1202
CID1008,DID248
CID1008,DID530
CID1008,DID785
CID1008,DID82
CID1008,DID824
CID1008,DID971
CID1009,DID20
CID1009,DID246
CID1009,DID317
CID1009,DID694
CID1009,DID917
CID1009,DID968
CID1010,DID1262
CID1010,DID211
CID1010,DID224
CID1010,DID37
CID1010,DID830
CID1010,DID927
CID1011,DID1068
CID1012,DID1428
CID1012,DID38
CID1013,DID1105
CID1013,DID1441
CID1013,DID323
CID1013,DID857
CID1014,DID1379
CID1015,DID1178
CID1015,DID377
CID1015,DID606
CID1016,DID1191
CID1016,DID1237
CID1016,DID161
CID1016,DID991
CID1017,DID705
CID1018,DID1039
CID1018,DID1108
CID1018,DID1188
CID1018,DID1361
CID1018,DID149
CID1018,DID596
CID1018,DID625
CID1018,DID887
CID1019,DID1060
CID1019,DID1091
CID1019,DID1187
CID1019,DID1366
CID1019,DID139
CID1019,DID536
CID1019,DID864
CID1020,DID735
CID1020,DID818
CID1021,DID1441
CID1021,DID16
CID1021,DID391
CID1021,DID476
CID1021,DID531
CID1021,DID662
CID1021,DID994
CID1022,DID771
CID1022,DID969
CID1023,DID1023
CID1023,DID1044
CID1023,DID337
CID1023,DID704
CID1023,DID840
CID1023,DID945
CID1024,DID1257
CID1024,DID427
CID1024,DID707
CID1024,DID815
CID1024,DID988
CID1025,DID1174
CID1025,DID1208
CID1025,DID1212
CID1025,DID421
CID1025,DID561
CID1025,DID632
CID1025,DID666
CID1025,DID981
CID1026,DID1087
CID1026,DID1164
CID1026,DID1447
CID1027,DID149
CID1027,DID232
CID1027,DID784
CID1028,DID1288
CID1028,DID531
CID1028,DID593
CID1028,DID918
CID1028,DID935
CID1029,DID1093
CID1029,DID168
CID1029,DID193
CID1029,DID309
CID1029,DID459
CID1029,DID660
CID1029,DID831
CID1030,DID1195
CID1031,DID191
CID1031,DID618
CID1031,DID696
CID1031,DID85
CID1032,DID1297
CID1032,DID1330
CID1033,DID106
CID1033,DID1071
CID1033,DID1112
CID1033,DID1276
CID1033,DID485
CID1034,DID11
CID1034,DID1342
CID1034,DID27
CID1034,DID649
CID1034,DID930
CID1035,DID287
CID1035,DID527
CID1035,DID818
CID1035,DID883
CID1036,DID1045
CID1036,DID1279
CID1036,DID929
CID1037,DID540
CID1037,DID821
CID1038,DID1321
CID1038,DID1403
CID1038,DID235
CID1038,DID610
CID1038,DID991
CID1039,DID1219
CID1039,DID1318
CID1039,DID1427
CID1039,DID158
CID1039,DID566
CID1040,DID1384
CID1040,DID150
CID1040,DID740
CID1040,DID851
CID1040,DID885
CID1041,DID1081
CID1041,DID1209
CID1041,DID184
CID1041,DID940
CID1042,DID1077
CID1042,DID259
CID1042,DID445
CID1042,DID463
CID1042,DID631
CID1042,DID705
CID1042,DID913
CID1043,DID1216
CID1043,DID233
CID1043,DID781
CID1044,DID106
CID1044,DID1081
CID1044,DID282
CID1045,DID1203
CID1045,DID1362
CID1045,DID1390
CID1045,DID744
CID1046,DID270
CID1046,DID301
CID1046,DID388
CID1046,DID59
CID1046,DID702
CID1046,DID704
CID1046,DID862
CID1046,DID972
CID1047,DID414
CID1047,DID651
CID1047,DID828
CID1047,DID977
CID1048,DID1044
CID1048,DID1433
CID1048,DID182
CID1048,DID581
CID1048,DID624
CID1048,DID990
CID1048,DID995
CID1049,DID1099
CID1049,DID240
CID1050,DID1024
CID1050,DID1183
CID1050,DID1217
CID1050,DID1375
CID1050,DID25
CID1051,DID1012
CID1051,DID195
CID1051,DID777
CID1051,DID880
CID1051,DID994
CID1052,DID1438
CID1052,DID224
CID1052,DID573
CID1052,DID652
CID1053,DID122
CID1053,DID1366
CID1053,DID527
CID1054,DID1033
CID1054,DID162
CID1054,DID736
CID1054,DID742
CID1054,DID764
CID1054,DID966
CID1055,DID1
CID1055,DID1229
CID1055,DID1231
CID1055,DID1258
CID1055,DID552
CID1055,DID636
CID1055,DID644
CID1055,DID661
CID1056,DID1294
CID1056,DID1349
CID1056,DID522
CID1056,DID680
CID1056,DID696
CID1057,DID1276
CID1057,DID1283
CID1057,DID143
CID1058,DID1357
CID1058,DID1372
CID1058,DID1405
CID1058,DID428
CID1058,DID724
CID1059,DID1187
CID1060,DID1414
CID1060,DID1431
CID1060,DID311
CID1060,DID417
CID1060,DID475
CID1060,DID692
CID1060,DID93
CID1061,DID1089
CID1061,DID1461
CID1061,DID25
CID1061,DID348
CID1061,DID372
CID1061,DID456
CID1061,DID486
CID1061,DID679
CID1062,DID1270
CID1063,DID12
CID1064,DID172
CID1064,DID427
CID1064,DID612
CID1064,DID702
CID1065,DID1053
CID1065,DID1069
CID1065,DID12
CID1065,DID1274
CID1065,DID1381
CID1065,DID214
CID1066,DID1389
CID1066,DID692
CID1066,DID94
CID1067,DID1323
CID1067,DID22
CID1067,DID402
CID1067,DID461
CID1067,DID734
CID1067,DID975
CID1068,DID1131
CID1068,DID1295
CID1068,DID405
CID1069,DID1336
CID1069,DID2
CID1070,DID1030
CID1070,DID122
CID1070,DID379
CID1070,DID843
CID1071,DID1042
CID1071,DID1187
CID1071,DID1282
CID1071,DID1369
CID1071,DID1474
CID1072,DID1057
CID1072,DID1062
CID1072,DID1136
CID1072,DID15
CID1072,DID3
CID1072,DID40
CID1072,DID551
CID1073,DID1249
CID1073,DID1452
CID1073,DID588
CID1074,DID328
CID1074,DID330
CID1074,DID453
CID1074,DID522
CID1074,DID554
CID1075,DID1162
CID1075,DID230
CID1075,DID679
CID1076,DID1016
CID1076,DID1095
CID1076,DID1324
CID1076,DID247
CID1076,DID526
CID1076,DID768
CID1076,DID838
CID1077,DID1034
CID1077,DID1074
CID1077,DID1331
CID1077,DID1499
CID1077,DID387
CID1077,DID68
CID1077,DID724
CID1077,DID997
CID1078,DID116
CID1078,DID1275
CID1078,DID137
CID1078,DID286
CID1078,DID500
CID1078,DID829
CID1079,DID870
CID1080,DID131
CID1080,DID144
CID1080,DID1475
CID1080,DID273
CID1080,DID631
CID1080,DID859
CID1080,DID960
CID1081,DID380
CID1081,DID519
CID1081,DID539
CID1081,DID545
CID1081,DID575
CID1082,DID1003
CID1082,DID1368
CID1082,DID1481
CID1082,DID377
CID1082,DID428
CID1082,DID551
CID1082,DID928
CID1082,DID992
CID1083,DID1334
CID1083,DID347
CID1083,DID860
CID1084,DID490
CID1084,DID836
CID1085,DID114
CID1085,DID1149
CID1085,DID519
CID1085,DID663
CID1085,DID837
CID1086,DID1112
CID1086,DID236
CID1086,DID280
CID1086,DID294
CID1086,DID538
CID1086,DID541
CID1086,DID793
CID1087,DID301
CID1087,DID921
CID1087,DID961
CID1088,DID355
CID1089,DID1272
CID1089,DID42
CID1089,DID553
CID1089,DID673
CID1089,DID764
CID1089,DID933
CID1090,DID1025
CID1090,DID1092
CID1090,DID1379
CID1090,DID672
CID1091,DID1388
CID1091,DID335
CID1091,DID356
CID1091,DID99
CID1092,DID11
CID1092,DID1282
CID1092,DID1414
CID1092,DID271
CID1093,DID1026
CID1093,DID997
CID1094,DID1058
CID1094,DID1410
CID1094,DID361
CID1095,DID395
CID1096,DID1114
CID1096,DID1278
CID1096,DID1435
CID1096,DID1453
CID1096,DID1469
CID1096,DID697
CID1097,DID1013
CID1097,DID1257
CID1097,DID1289
CID1097,DID1319
CID1097,DID1338
CID1097,DID568
CID1098,DID1001
CID1098,DID1184
CID1098,DID1215
CID1098,DID1257
CID1098,DID287
CID1099,DID880
CID1100,DID1043
CID1100,DID268
CID1100,DID355
CID1101,DID1054
CID1101,DID1196
CID1101,DID483
CID1101,DID587
CID1101,DID6
CID1101,DID827
CID1101,DID885
CID1102,DID1020
CID1102,DID1117
CID1102,DID1293
CID1102,DID470
CID1102,DID824
CID1103,DID307
CID1103,DID804
CID1104,DID770
CID1105,DID1137
CID1106,DID579
CID1107,DID1262
CID1107,DID1294
CID1107,DID1372
CID1107,DID1481
CID1107,DID559
CID1107,DID758
CID1107,DID974
CID1108,DID1187
CID1108,DID362
CID1108,DID565
CID1109,DID1118
CID1109,DID263
CID1109,DID572
CID1109,DID62
CID1109,DID7
CID1110,DID1082
CID1110,DID1322
CID1110,DID312
CID1110,DID385
CID1110,DID417
CID1110,DID540
CID1110,DID870
CID1111,DID100
CID1111,DID1040
CID1111,DID1358
CID1111,DID406
CID1111,DID53
CID1111,DID543
CID1111,DID970
CID1112,DID1119
CID1112,DID1136
CID1112,DID1282
CID1112,DID406
CID1112,DID887
CID1112,DID975
CID1113,DID856
CID1114,DID1402
CID1114,DID1415
CID1114,DID543
CID1114,DID605
CID1114,DID618
CID1114,DID749
CID1114,DID80
CID1114,DID964
CID1115,DID1359
CID1115,DID708
CID1116,DID264
CID1117,DID1498
CID1117,DID272
CID1117,DID795
CID1117,DID865
CID1117,DID898
CID1118,DID596
CID1119,DID1096
CID1119,DID1211
CID1120,DID1091
CID1120,DID1418
CID1120,DID184
CID1121,DID420
CID1122,DID1342
CID1122,DID795
CID1123,DID1103
CID1123,DID1299
CID1123,DID1353
CID1123,DID281
CID1123,DID412
CID1123,DID777
CID1123,DID888
CID1124,DID1096
CID1124,DID1150
CID1124,DID137
CID1124,DID1388
CID1124,DID1430
CID1124,DID169
CID1124,DID698
CID1124,DID958
CID1125,DID1413
CID1125,DID183
CID1125,DID599
CID1125,DID844
CID1126,DID1321
CID1126,DID693
CID1126,DID79
CID1127,DID1181
CID1127,DID207
CID1127,DID227
CID1127,DID819
CID1127,DID894
CID1128,DID31
CID1128,DID853
CID1129,DID1161
CID1129,DID71
CID1129,DID728
CID1129,DID923
CID1130,DID1450
CID1130,DID148
CID1130,DID410
CID1130,DID57
CID1130,DID577
CID1130,DID935
CID1131,DID1454
CID1132,DID1335
CID1132,DID1388
CID1132,DID309
CID1132,DID498
CID1132,DID517
CID1133,DID1221
CID1133,DID301
CID1133,DID572
CID1133,DID7
CID1134,DID1254
CID1134,DID1410
CID1134,DID283
CID1134,DID350
CID1134,DID390
CID1134,DID440
CID1134,DID647
CID1134,DID885
CID1135,DID1247
CID1135,DID516
CID1135,DID544
CID1135,DID637
CID1135,DID938
CID1136,DID1017
CID1136,DID1101
CID1136,DID271
CID1136,DID867
CID1137,DID150
CID1137,DID395
CID1137,DID664
CID1137,DID923
CID1138,DID173
CID1139,DID234
CID1139,DID331
CID1139,DID522
CID1139,DID675
CID1139,DID949
CID1140,DID603
CID1140,DID899
CID1141,DID485
CID1141,DID553
CID1141,DID578
CID1142,DID1042
CID1142,DID1433
CID1142,DID550
CID1142,DID602
CID1143,DID119
CID1143,DID740
CID1144,DID1081
CID1144,DID1195
CID1144,DID151
CID1144,DID569
CID1144,DID592
CID1144,DID737
CID1145,DID1104
CID1145,DID1401
CID1145,DID1420
CID1145,DID341
CID1145,DID622
CID1146,DID1000
CID1146,DID1500
CID1146,DID392
CID1146,DID42
CID1147,DID1073
CID1147,DID1227
CID1147,DID416
CID1147,DID473
CID1147,DID531
CID1148,DID175
CID1148,DID504
CID1148,DID521
CID1149,DID1053
CID1149,DID1095
CID1149,DID1428
CID1149,DID1486
CID1149,DID561
CID1149,DID70
CID1149,DID700
CID1149,DID734
CID1150,DID1099
CID1150,DID1373
CID1150,DID20
CID1150,DID267
CID1150,DID306
CID1150,DID590
CID1150,DID725
CID1150,DID999
CID1151,DID1132
CID1151,DID122
CID1151,DID1287
CID1151,DID572
CID1151,DID629
CID1152,DID1436
CID1152,DID1465
CID1152,DID597
CID1152,DID602
CID1153,DID1149
CID1153,DID988
CID1154,DID552
CID1155,DID1303
CID1156,DID1130
CID1156,DID1212
CID1156,DID1258
CID1156,DID210
CID1157,DID1240
CID1157,DID199
CID1157,DID627
CID1157,DID963
CID1158,DID1298
CID1159,DID1231
CID1159,DID175
CID1159,DID250
CID1159,DID339
CID1159,DID586
CID1159,DID932
CID1160,DID105
CID1160,DID63
CID1160,DID632
CID1160,DID644
CID1161,DID1112
CID1161,DID1193
CID1161,DID1306
CID1161,DID359
CID1162,DID1248
CID1162,DID167
CID1162,DID485
CID1163,DID103
CID1163,DID1414
CID1163,DID673
CID1163,DID836
CID1163,DID868
CID1164,DID1122
CID1164,DID1301
CID1164,DID530
CID1164,DID584
CID1164,DID670
CID1164,DID840
CID1165,DID1335
CID1165,DID201
CID1165,DID237
CID1165,DID622
CID1165,DID72
CID1166,DID1213
CID1166,DID1387
CID1166,DID1433
CID1166,DID1455
CID1166,DID519
CID1166,DID745
CID1167,DID1338
CID1167,DID903
CID1168,DID301
CID1168,DID357
CID1168,DID88
CID1169,DID1036
CID1169,DID325
CID1170,DID1405
CID1170,DID206
CID1170,DID542
CID1170,DID594
CID1170,DID867
CID1170,DID941
CID1171,DID1063
CID1171,DID1123
CID1171,DID1413
CID1171,DID261
CID1172,DID1179
CID1172,DID1323
CID1172,DID1337
CID1172,DID309
CID1172,DID337
CID1172,DID415
CID1172,DID717
CID1173,DID1254
CID1173,DID1260
CID1173,DID432
CID1174,DID1047
CID1174,DID1339
CID1174,DID1359
CID1174,DID169
CID1174,DID654
CID1174,DID870
CID1175,DID399
CID1175,DID508
CID1175,DID76
CID1176,DID1401
CID1177,DID178
CID1177,DID396
CID1177,DID900
CID1177,DID911
CID1178,DID1004
CID1178,DID1291
CID1178,DID1457
CID1178,DID195
CID1178,DID209
CID1178,DID624
CID1178,DID875
CID1179,DID1202
CID1179,DID491
CID1180,DID1019
CID1180,DID1097
CID1180,DID1336
CID1180,DID1372
CID1180,DID239
CID1180,DID517
CID1180,DID576
CID1180,DID888
CID1181,DID1412
CID1182,DID112
CID1182,DID1257
CID1182,DID1482
CID1182,DID525
CID1182,DID584
CID1182,DID707
CID1182,DID799
CID1183,DID1141
CID1183,DID605
CID1183,DID744
CID1184,DID1415
CID1184,DID243
CID1184,DID279
CID1184,DID420
CID1184,DID675
CID1185,DID1200
CID1185,DID1360
CID1185,DID1385
CID1185,DID462
CID1185,DID546
CID1185,DID847
CID1185,DID914
CID1185,DID968
CID1186,DID784
CID1186,DID953
CID1187,DID1147
CID1187,DID1442
CID1187,DID922
CID1188,DID3
CID1189,DID1213
CID1189,DID236
CID1189,DID387
CID1189,DID399
CID1189,DID464
CID1189,DID878
CID1190,DID265
CID1190,DID609
CID1191,DID1039
CID1191,DID1398
CID1191,DID445
CID1191,DID507
CID1191,DID55
CID1191,DID652
CID1191,DID803
CID1191,DID954
CID1192,DID1081
CID1192,DID1113
CID1192,DID397
CID1192,DID47
CID1192,DID571
CID1192,DID606
CID1192,DID618
CID1192,DID669
CID1193,DID1303
CID1193,DID1488
CID1193,DID603
CID1193,DID7
CID1194,DID1176
CID1194,DID167
CID1194,DID372
CID1194,DID45
CID1194,DID832
CID1194,DID917
CID1195,DID1425
CID1195,DID351
CID1195,DID497
CID1196,DID1134
CID1196,DID637
CID1196,DID735
CID1196,DID962
CID1197,DID1223
CID1197,DID295
CID1197,DID581
CID1197,DID776
CID1197,DID92
CID1198,DID1399
CID1198,DID355
CID1198,DID365
CID1198,DID375
CID1199,DID1398
CID1199,DID236
CID1199,DID372
CID1199,DID568
CID1199,DID7
CID1199,DID837
CID1199,DID925
CID1199,DID958
CID1200,DID1134
CID1200,DID1197
CID1200,DID402
CID1200,DID948
CID1201,DID1204
CID1201,DID320
CID1202,DID1344
CID1202,DID527
CID1202,DID657
CID1203,DID1183
CID1203,DID1272
CID1203,DID375
CID1203,DID44
CID1203,DID488
CID1203,DID622
CID1204,DID1097
CID1204,DID1104
CID1204,DID1172
CID1204,DID166
CID1204,DID462
CID1204,DID692
CID1205,DID1281
CID1205,DID1439
CID1205,DID406
CID1205,DID76
CID1206,DID1167
CID1206,DID1182
CID1206,DID573
CID1207,DID339
CID1207,DID343
CID1208,DID1373
CID1208,DID141
CID1208,DID1417
CID1208,DID359
CID1208,DID370
CID1208,DID829
CID1208,DID940
CID1209,DID1181
CID1209,DID54
CID1209,DID915
CID1210,DID1172
CID1210,DID1471
CID1210,DID246
CID1210,DID446
CID1210,DID568
CID1210,DID597
CID1210,DID689
CID1210,DID874
CID1211,DID1124
CID1211,DID1174
CID1211,DID1189
CID1211,DID1333
CID1211,DID393
CID1211,DID710
CID1211,DID896
CID1212,DID1459
CID1212,DID364
CID1212,DID460
CID1212,DID520
CID1212,DID757
CID1212,DID77
CID1212,DID905
CID1213,DID1326
CID1213,DID186
CID1213,DID400
CID1214,DID347
CID1214,DID573
CID1214,DID748
CID1215,DID1164
CID1215,DID23
CID1215,DID264
CID1215,DID894
CID1216,DID125
CID1216,DID223
CID1216,DID787
CID1217,DID1214
CID1217,DID264
CID1217,DID627
CID1217,DID674
CID1217,DID787
CID1217,DID827
CID1218,DID1200
CID1218,DID259
CID1218,DID78
CID1218,DID944
CID1218,DID957
CID1219,DID1251
CID1219,DID1491
CID1219,DID258
CID1220,DID1
CID1220,DID1152
CID1220,DID1339
CID1220,DID1440
CID1220,DID516
CID1220,DID777
CID1220,DID86
CID1221,DID1004
CID1221,DID1121
CID1221,DID1391
CID1221,DID1425
CID1221,DID288
CID1221,DID315
CID1221,DID481
CID1221,DID766
CID1222,DID245
CID1222,DID589
CID1222,DID782
CID1223,DID1247
CID1223,DID285
CID1224,DID141
CID1224,DID283
CID1224,DID372
CID1224,DID411
CID1224,DID538
CID1224,DID587
CID1224,DID794
CID1225,DID1374
CID1225,DID940
CID1226,DID1320
CID1226,DID1369
CID1226,DID472
CID1226,DID675
CID1226,DID891
CID1226,DID936
CID1227,DID1269
CID1227,DID1326
CID1227,DID247
CID1227,DID848
CID1228,DID1196
CID1228,DID1323
CID1228,DID519
CID1228,DID532
CID1228,DID69
CID1228,DID802
CID1229,DID1437
CID1229,DID490
CID1230,DID207
CID1230,DID347
CID1230,DID405
CID1230,DID873
CID1231,DID500
CID1232,DID1233
CID1232,DID1490
CID1232,DID16
CID1232,DID616
CID1233,DID1500
CID1233,DID319
CID1233,DID870
CID1234,DID1407
CID1234,DID627
CID1234,DID905
CID1235,DID1434
CID1235,DID330
CID1235,DID373
CID1235,DID530
CID1235,DID818
CID1235,DID830
CID1235,DID913
CID1235,DID989
CID1236,DID1386
CID1237,DID1079
CID1237,DID1175
CID1237,DID1400
CID1237,DID1409
CID1237,DID242
CID1237,DID261
CID1237,DID325
CID1237,DID76
CID1238,DID103
CID1238,DID1369
CID1238,DID1386
CID1238,DID1414
CID1238,DID1486
CID1238,DID315
CID1238,DID506
CID1239,DID1094
CID1239,DID1120
CID1239,DID1193
CID1239,DID785
CID1240,DID11
CID1240,DID1469
CID1240,DID551
CID1240,DID691
CID1241,DID1012
CID1241,DID1163
CID1241,DID124
CID1241,DID1254
CID1241,DID41
CID1241,DID437
CID1241,DID730
CID1242,DID1324
CID1242,DID149
CID1242,DID820
CID1243,DID330
CID1243,DID379
CID1244,DID120
CID1244,DID565
CID1244,DID699
CID1244,DID851
CID1245,DID1097
CID1245,DID514
CID1245,DID626
CID1245,DID635
CID1245,DID98
CID1245,DID990
CID1246,DID1092
CID1246,DID1139
CID1246,DID1332
CID1246,DID1352
CID1246,DID287
CID1246,DID416
CID1246,DID644
CID1246,DID829
CID1247,DID1345
CID1248,DID149
CID1248,DID318
CID1248,DID396
CID1248,DID828
CID1248,DID92
CID1249,DID31
CID1249,DID502
CID1249,DID512
CID1250,DID1421
CID1250,DID359
CID1250,DID362
CID1250,DID465
CID1250,DID508
CID1250,DID688
CID1250,DID977
CID1251,DID772
CID1252,DID1024
CID1252,DID729
CID1253,DID408
CID1253,DID747
CID1253,DID779
CID1253,DID818
CID1254,DID1112
CID1254,DID401
CID1254,DID423
CID1255,DID1202
CID1255,DID1234
CID1255,DID44
CID1255,DID717
CID1255,DID986
CID1256,DID1072
CID1256,DID157
CID1256,DID2
CID1256,DID595
CID1256,DID63
CID1256,DID745
CID1256,DID794
CID1257,DID1037
CID1257,DID1162
CID1257,DID1379
CID1257,DID216
CID1257,DID803
CID1257,DID939
CID1257,DID996
CID1258,DID1301
CID1258,DID1312
CID1258,DID154
CID1258,DID420
CID1258,DID617
CID1258,DID877
CID1259,DID1006
CID1259,DID1110
CID1260,DID1500
CID1260,DID560
CID1261,DID1108
CID1261,DID1238
CID1261,DID151
CID1261,DID165
CID1261,DID651
CID1261,DID814
CID1262,DID270
CID1262,DID57
CID1263,DID1417
CID1264,DID1068
CID1265,DID953
CID1266,DID1149
CID1266,DID1156
CID1266,DID1356
CID1266,DID322
CID1266,DID786
CID1266,DID935
CID1267,DID1040
CID1267,DID656
CID1268,DID548
CID1268,DID872
CID1269,DID1021
CID1269,DID201
CID1269,DID302
CID1269,DID378
CID1269,DID428
CID1269,DID450
CID1269,DID979
CID1270,DID123
CID1270,DID601
CID1270,DID640
CID1270,DID991
CID1271,DID1134
CID1271,DID164
CID1271,DID318
CID1271,DID426
CID1271,DID476
CID1271,DID850
CID1271,DID952
CID1272,DID726
CID1273,DID1089
CID1273,DID1360
CID1273,DID314
CID1273,DID334
CID1273,DID698
CID1274,DID161
CID1274,DID20
CID1274,DID376
CID1274,DID401
CID1274,DID693
CID1275,DID210
CID1276,DID1024
CID1276,DID1128
CID1276,DID137
CID1276,DID832
CID1277,DID1005
CID1277,DID1473
CID1277,DID201
CID1277,DID307
CID1277,DID549
CID1277,DID754
CID1278,DID1213
CID1279,DID1091
CID1279,DID1176
CID1279,DID226
CID1279,DID231
CID1279,DID529
CID1279,DID611
CID1279,DID626
CID1279,DID83
CID1280,DID2
CID1281,DID1258
CID1281,DID1272
CID1281,DID1382
CID1281,DID231
CID1281,DID521
CID1281,DID583
CID1281,DID760
CID1281,DID809
CID1282,DID1006
CID1282,DID1273
CID1282,DID1337
CID1283,DID316
CID1283,DID471
CID1283,DID750
CID1283,DID765
CID1283,DID817
CID1284,DID1148
CID1284,DID1437
CID1284,DID190
CID1284,DID402
CID1284,DID431
CID1284,DID649
CID1284,DID774
CID1284,DID922
CID1285,DID1475
CID1285,DID235
CID1285,DID438
CID1285,DID439
CID1285,DID578
CID1286,DID1351
CID1286,DID68
CID1287,DID101
CID1287,DID1472
CID1287,DID500
CID1287,DID734
CID1288,DID1128
CID1288,DID1379
CID1288,DID663
CID1288,DID839
CID1288,DID877
CID1289,DID1474
CID1290,DID1320
CID1290,DID1426
CID1290,DID55
CID1290,DID554
CID1290,DID6
CID1290,DID607
CID1290,DID917
CID1291,DID1077
CID1291,DID1419
CID1292,DID1103
CID1292,DID299
CID1292,DID544
CID1292,DID847
CID1293,DID1464
CID1293,DID395
CID1293,DID529
CID1294,DID1437
CID1294,DID249
CID1294,DID940
CID1295,DID1106
CID1295,DID1236
CID1295,DID1267
CID1295,DID1429
CID1295,DID231
CID1295,DID624
CID1296,DID1092
CID1296,DID1142
CID1296,DID218
CID1296,DID373
CID1296,DID894
CID1297,DID487
CID1298,DID1220
CID1298,DID668
CID1299,DID1019
CID1299,DID1482
CID1299,DID830
CID1299,DID973
CID1300,DID1052
CID1300,DID808
CID1301,DID1081
CID1301,DID1085
CID1301,DID1142
CID1301,DID601
CID1302,DID1066
CID1302,DID1099
CID1302,DID1215
CID1302,DID1379
CID1302,DID53
CID1302,DID551
CID1302,DID910
CID1303,DID217
CID1303,DID334
CID1303,DID45
CID1304,DID1201
CID1304,DID1217
CID1304,DID175
CID1304,DID640
CID1304,DID85
CID1305,DID1191
CID1305,DID13
CID1305,DID131
CID1305,DID146
CID1305,DID192
CID1305,DID25
CID1305,DID547
CID1306,DID1060
CID1306,DID1193
CID1306,DID1418
CID1306,DID562
CID1307,DID1014
CID1307,DID1175
CID1307,DID1278
CID1307,DID1354
CID1307,DID210
CID1307,DID244
CID1307,DID708
CID1308,DID438
CID1308,DID920
CID1309,DID71
CID1310,DID1015
CID1310,DID406
CID1310,DID466
CID1310,DID621
CID1310,DID767
CID1311,DID1000
CID1311,DID1074
CID1311,DID1236
CID1311,DID211
CID1311,DID384
CID1311,DID683
CID1311,DID992
CID1311,DID998
CID1312,DID1113
CID1312,DID260
CID1313,DID1050
CID1313,DID1054
CID1313,DID1055
CID1313,DID125
CID1313,DID724
CID1313,DID893
CID1314,DID1085
CID1314,DID1345
CID1314,DID302
CID1314,DID333
CID1314,DID528
CID1314,DID829
CID1314,DID845
CID1315,DID1055
CID1315,DID1386
CID1315,DID1467
CID1316,DID430
CID1316,DID891
CID1317,DID1251
CID1317,DID1273
CID1317,DID265
CID1317,DID473
CID1317,DID537
CID1318,DID1087
CID1318,DID1148
CID1318,DID1307
CID1318,DID201
CID1318,DID32
CID1318,DID370
CID1318,DID753
CID1318,DID805
CID1319,DID109
CID1319,DID112
CID1319,DID13
CID1319,DID162
CID1319,DID396
CID1319,DID580
CID1319,DID618
CID1319,DID63
CID1320,DID1101
CID1320,DID1211
CID1320,DID1413
CID1320,DID229
CID1320,DID733
CID1320,DID743
CID1320,DID831
CID1321,DID108
CID1321,DID206
CID1321,DID525
CID1322,DID1064
CID1322,DID1449
CID1322,DID160
CID1322,DID319
CID1322,DID67
CID1323,DID1051
CID1323,DID402
CID1323,DID828
CID1323,DID985
CID1324,DID1117
CID1324,DID150
CID1324,DID423
CID1325,DID1328
CID1325,DID1471
CID1325,DID1493
CID1325,DID19
CID1325,DID527
CID1326,DID1401
CID1326,DID231
CID1326,DID258
CID1326,DID915
CID1327,DID1443
CID1327,DID443
CID1328,DID109
CID1328,DID168
CID1328,DID19
CID1328,DID235
CID1328,DID890
CID1329,DID1035
CID1329,DID1332
CID1329,DID1449
CID1329,DID219
CID1329,DID234
CID1329,DID321
CID1329,DID368
CID1329,DID638
CID1330,DID1320
CID1330,DID520
CID1330,DID527
CID1330,DID639
CID1330,DID802
CID1330,DID986
CID1331,DID1003
CID1331,DID1054
CID1331,DID1424
CID1331,DID689
CID1332,DID1175
CID1332,DID1264
CID1332,DID1329
CID1332,DID309
CID1332,DID51
CID1332,DID58
CID1332,DID984
CID1333,DID1399
CID1333,DID237
CID1333,DID673
CID1334,DID1026
CID1334,DID106
CID1334,DID622
CID1335,DID1318
CID1335,DID416
CID1335,DID482
CID1336,DID104
CID1336,DID1131
CID1336,DID1267
CID1336,DID546
CID1336,DID867
CID1337,DID1246
CID1337,DID301
CID1337,DID51
CID1338,DID1294
CID1338,DID1334
CID1338,DID188
CID1338,DID322
CID1338,DID966
CID1338,DID987
CID1339,DID1027
CID1339,DID129
CID1340,DID211
CID1341,DID1411
CID1341,DID78
CID1341,DID931
CID1342,DID999
CID1343,DID1372
CID1343,DID8
CID1344,DID14
CID1344,DID28
CID1344,DID374
CID1345,DID1139
CID1345,DID1219
CID1345,DID191
CID1346,DID1406
CID1346,DID355
CID1347,DID1151
CID1347,DID434
CID1347,DID940
CID1348,DID983
CID1349,DID1470
CID1349,DID19
CID1349,DID450
CID1349,DID572
CID1350,DID1293
CID1350,DID267
CID1351,DID1020
CID1351,DID1052
CID1351,DID1061
CID1351,DID1063
CID1351,DID1196
CID1351,DID1315
CID1351,DID301
CID1351,DID833
CID1352,DID1047
CID1352,DID1302
CID1352,DID464
CID1353,DID370
CID1354,DID111
CID1354,DID1193
CID1354,DID1211
CID1354,DID483
CID1354,DID894
CID1354,DID983
CID1355,DID317
CID1355,DID376
CID1355,DID721
CID1356,DID170
CID1357,DID1009
CID1357,DID1039
CID1357,DID1134
CID1357,DID1387
CID1357,DID160
CID1357,DID448
CID1357,DID902
CID1357,DID912
CID1358,DID182
CID1359,DID1109
CID1360,DID78
CID1360,DID989
CID1361,DID615
CID1362,DID380
CID1362,DID486
CID1362,DID841
CID1362,DID891
CID1362,DID911
CID1363,DID107
CID1363,DID1074
CID1363,DID1175
CID1363,DID1177
CID1363,DID1182
CID1363,DID1203
CID1363,DID1338
CID1363,DID869
CID1364,DID109
CID1364,DID133
CID1364,DID1432
CID1364,DID351
CID1364,DID395
CID1364,DID435
CID1364,DID801
CID1364,DID808
CID1365,DID121
CID1365,DID201
CID1365,DID270
CID1365,DID308
CID1365,DID373
CID1365,DID48
CID1365,DID493
CID1365,DID981
CID1366,DID1203
CID1366,DID1357
CID1366,DID178
CID1366,DID313
CID1366,DID430
CID1366,DID669
CID1366,DID88
CID1366,DID90
CID1367,DID1288
CID1367,DID486
CID1367,DID807
CID1368,DID112
CID1368,DID206
CID1368,DID739
CID1368,DID780
CID1368,DID921
CID1369,DID1009
CID1369,DID158
CID1369,DID23
CID1369,DID837
CID1370,DID902
CID1371,DID1310
CID1372,DID1034
CID1373,DID1008
CID1373,DID1329
CID1373,DID164
CID1373,DID253
CID1373,DID473
CID1374,DID1190
CID1374,DID14
CID1374,DID775
CID1374,DID863
CID1374,DID899
CID1374,DID92
CID1375,DID1188
CID1375,DID1345
CID1375,DID1497
CID1375,DID250
CID1375,DID330
CID1376,DID1035
CID1376,DID105
CID1376,DID741
CID1377,DID1249
CID1377,DID1341
CID1377,DID1347
CID1377,DID182
CID1377,DID206
CID1377,DID443
CID1377,DID486
CID1377,DID691
CID1378,DID1277
CID1378,DID1366
CID1378,DID1382
CID1378,DID197
CID1379,DID1460
CID1380,DID1148
CID1380,DID1443
CID1380,DID797
CID1380,DID852
CID1380,DID91
CID1381,DID1288
CID1381,DID185
CID1381,DID2
CID1381,DID287
CID1381,DID47
CID1381,DID739
CID1382,DID1046
CID1382,DID105
CID1382,DID179
CID1382,DID57
CID1382,DID895
CID1382,DID897
CID1383,DID170
CID1383,DID558
CID1383,DID670
CID1384,DID609
CID1385,DID144
CID1385,DID324
CID1385,DID73
CID1386,DID1227
CID1386,DID235
CID1386,DID641
CID1387,DID306
CID1387,DID869
CID1388,DID1472
CID1388,DID887
CID1389,DID125
CID1389,DID22
CID1389,DID282
CID1390,DID10
CID1390,DID102
CID1390,DID1294
CID1390,DID1369
CID1390,DID203
CID1390,DID752
CID1390,DID775
CID1391,DID1191
CID1391,DID22
CID1391,DID667
CID1392,DID1430
CID1392,DID357
CID1392,DID39
CID1392,DID787
CID1393,DID1023
CID1393,DID1418
CID1394,DID1112
CID1394,DID1197
CID1394,DID1203
CID1394,DID1235
CID1394,DID607
CID1394,DID794
CID1394,DID949
CID1394,DID986
CID1395,DID319
CID1396,DID1255
CID1396,DID1416
CID1396,DID180
CID1396,DID4
CID1396,DID421
CID1396,DID996
CID1397,DID1436
CID1397,DID1481
CID1397,DID207
CID1397,DID485
CID1397,DID7
CID1398,DID1017
CID1398,DID1078
CID1398,DID502
CID1398,DID512
CID1399,DID1182
CID1399,DID1223
CID1399,DID1260
CID1399,DID1316
CID1399,DID1335
CID1399,DID461
CID1399,DID773
CID1399,DID810
CID1400,DID1179
CID1400,DID1199
CID1400,DID474
CID1401,DID1422
CID1401,DID191
CID1401,DID462
CID1402,DID36
CID1403,DID139
CID1404,DID1236
CID1404,DID1308
CID1404,DID158
CID1405,DID103
CID1405,DID1227
CID1405,DID1333
CID1405,DID1470
CID1405,DID343
CID1405,DID824
CID1405,DID997
CID1406,DID359
CID1407,DID1181
CID1407,DID485
CID1408,DID118
CID1408,DID1457
CID1409,DID1070
CID1410,DID1010
CID1410,DID127
CID1410,DID1478
CID1410,DID639
CID1410,DID673
CID1410,DID747
CID1410,DID906
CID1410,DID987
CID1411,DID1156
CID1411,DID1171
CID1411,DID1333
CID1411,DID47
CID1411,DID569
CID1412,DID1061
CID1412,DID283
CID1412,DID693
CID1412,DID721
CID1413,DID1158
CID1413,DID348
CID1414,DID1346
CID1414,DID1479
CID1414,DID348
CID1414,DID359
CID1414,DID657
CID1415,DID149
CID1416,DID338
CID1416,DID625
CID1417,DID171
CID1417,DID336
CID1417,DID51
CID1417,DID842
CID1417,DID868
CID1417,DID870
CID1418,DID114
CID1418,DID124
CID1418,DID1316
CID1418,DID1446
CID1418,DID658
CID1418,DID774
CID1418,DID924
CID1419,DID444
CID1420,DID25
CID1420,DID605
CID1421,DID1055
CID1421,DID1438
CID1421,DID303
CID1421,DID642
CID1421,DID68
CID1421,DID709
CID1421,DID745
CID1422,DID1364
CID1422,DID399
CID1422,DID648
CID1423,DID446
CID1423,DID510
CID1423,DID712
CID1423,DID767
CID1424,DID1257
CID1424,DID1425
CID1424,DID812
CID1425,DID1310
CID1425,DID639
CID1426,DID1185
CID1426,DID740
CID1426,DID832
CID1427,DID361
CID1427,DID384
CID1428,DID1072
CID1428,DID1245
CID1428,DID1299
CID1428,DID1381
CID1428,DID21
CID1428,DID274
CID1428,DID549
CID1429,DID1065
CID1429,DID1080
CID1429,DID1100
CID1429,DID1222
CID1429,DID642
CID1429,DID754
CID1429,DID905
CID1429,DID948
CID1430,DID216
CID1430,DID683
CID1431,DID1332
CID1431,DID219
CID1431,DID471
CID1431,DID701
CID1432,DID1382
CID1432,DID317
CID1432,DID955
CID1433,DID1026
CID1433,DID1124
CID1433,DID211
CID1433,DID622
CID1433,DID964
CID1434,DID454
CID1434,DID936
CID1435,DID271
CID1435,DID472
CID1435,DID540
CID1435,DID864
CID1436,DID1381
CID1436,DID141
CID1436,DID1425
CID1436,DID643
CID1436,DID768
CID1436,DID826
CID1437,DID1187
CID1437,DID130
CID1437,DID155
CID1437,DID449
CID1437,DID757
CID1438,DID1001
CID1438,DID1159
CID1438,DID1208
CID1438,DID1479
CID1438,DID1496
CID1438,DID447
CID1438,DID541
CID1439,DID1005
CID1440,DID1189
CID1440,DID1478
CID1440,DID583
CID1441,DID1216
CID1441,DID140
CID1441,DID145
CID1441,DID159
CID1441,DID204
CID1441,DID262
CID1441,DID484
CID1441,DID893
CID1442,DID1026
CID1442,DID1160
CID1442,DID986
CID1443,DID1170
CID1443,DID1439
CID1443,DID1470
CID1443,DID335
CID1443,DID828
CID1443,DID966
CID1444,DID1401
CID1444,DID148
CID1445,DID1081
CID1445,DID1435
CID1445,DID30
CID1445,DID694
CID1445,DID93
CID1446,DID1131
CID1446,DID1355
CID1446,DID176
CID1446,DID248
CID1446,DID413
CID1447,DID1052
CID1447,DID308
CID1447,DID676
CID1448,DID1284
CID1448,DID415
CID1448,DID767
CID1448,DID995
CID1449,DID1297
CID1449,DID306
CID1449,DID931
CID1449,DID993
CID1450,DID1131
CID1450,DID1382
CID1450,DID157
CID1450,DID389
CID1450,DID43
CID1450,DID710
CID1451,DID1435
CID1451,DID509
CID1451,DID664
CID1451,DID667
CID1451,DID743
CID1452,DID1349
CID1452,DID388
CID1452,DID517
CID1452,DID617
CID1452,DID622
CID1452,DID924
CID1452,DID992
CID1453,DID558
CID1453,DID638
CID1453,DID834
CID1454,DID244
CID1454,DID645
CID1455,DID935
CID1456,DID478
CID1456,DID534
CID1456,DID996
CID1457,DID1386
CID1457,DID604
CID1457,DID716
CID1458,DID172
CID1458,DID90
CID1458,DID955
CID1459,DID626
CID1459,DID847
CID1459,DID928
CID1460,DID1189
CID1460,DID1192
CID1460,DID1263
CID1460,DID1419
CID1460,DID408
CID1460,DID513
CID1460,DID831
CID1461,DID110
CID1461,DID1159
CID1461,DID1414
CID1461,DID300
CID1461,DID566
CID1461,DID69
CID1461,DID969
CID1462,DID1090
CID1462,DID337
CID1462,DID476
CID1462,DID967
CID1463,DID1158
CID1463,DID212
CID1464,DID1237
CID1465,DID116
CID1465,DID335
CID1465,DID44
CID1465,DID804
CID1465,DID886
CID1466,DID1463
CID1466,DID933
CID1467,DID221
CID1467,DID544
CID1468,DID153
CID1468,DID199
CID1468,DID40
CID1468,DID454
CID1468,DID458
CID1469,DID1199
CID1469,DID248
CID1469,DID915
CID1470,DID1290
CID1470,DID1376
CID1470,DID578
CID1471,DID669
CID1472,DID6
CID1473,DID1279
CID1473,DID446
CID1473,DID612
CID1473,DID638
CID1473,DID825
CID1474,DID1011
CID1474,DID1323
CID1475,DID1418
CID1476,DID1129
CID1476,DID1167
CID1476,DID1280
CID1476,DID406
CID1476,DID552
CID1476,DID592
CID1477,DID309
CID1477,DID489
CID1477,DID697
CID1477,DID871
CID1478,DID1072
CID1478,DID1115
CID1478,DID290
CID1478,DID957
CID1479,DID1348
CID1479,DID825
CID1480,DID1172
CID1480,DID365
CID1480,DID626
CID1481,DID1124
CID1481,DID442
CID1481,DID526
CID1481,DID648
CID1481,DID758
CID1481,DID788
CID1481,DID988
CID1482,DID46
CID1482,DID881
CID1483,DID1469
CID1484,DID134
CID1484,DID777
CID1485,DID1410
CID1485,DID198
CID1485,DID621
CID1485,DID950
CID1486,DID1069
CID1486,DID131
CID1486,DID1328
CID1486,DID142
CID1486,DID172
CID1486,DID920
CID1487,DID37
CID1488,DID1165
CID1488,DID125
CID1488,DID1392
CID1488,DID1405
CID1488,DID4
CID1488,DID655
CID1488,DID779
CID1488,DID802
CID1489,DID1025
CID1489,DID1052
CID1489,DID1263
CID1489,DID131
CID1489,DID604
CID1490,DID1073
CID1490,DID11
CID1490,DID1230
CID1490,DID725
CID1491,DID1012
CID1491,DID1057
CID1491,DID234
CID1491,DID522
CID1491,DID999
CID1492,DID1321
CID1492,DID1397
CID1492,DID46
CID1492,DID537
CID1492,DID762
CID1492,DID985
CID1493,DID1150
CID1493,DID47
CID1493,DID583
CID1493,DID620
CID1493,DID895
CID1493,DID924
CID1493,DID963
CID1493,DID978
CID1494,DID614
CID1494,DID7
CID1495,DID134
CID1495,DID1396
CID1495,DID1410
CID1495,DID1494
CID1495,DID669
CID1495,DID742
CID1495,DID743
CID1495,DID986
CID1496,DID1061
CID1496,DID1328
CID1496,DID332
CID1496,DID455
CID1497,DID1180
CID1497,DID272
CID1498,DID406
CID1498,DID682
CID1498,DID907
CID1498,DID969
CID1499,DID1094
CID1499,DID391
CID1500,DID678
CID1500,DID811
